[
  {
    "login": ["flowes"],
    "id": [20680566],
    "node_id": ["MDQ6VXNlcjIwNjgwNTY2"],
    "avatar_url": ["https://avatars2.githubusercontent.com/u/20680566?v=4"],
    "gravatar_id": [""],
    "url": ["https://api.github.com/users/flowes"],
    "html_url": ["https://github.com/flowes"],
    "followers_url": ["https://api.github.com/users/flowes/followers"],
    "following_url": ["https://api.github.com/users/flowes/following{/other_user}"],
    "gists_url": ["https://api.github.com/users/flowes/gists{/gist_id}"],
    "starred_url": ["https://api.github.com/users/flowes/starred{/owner}{/repo}"],
    "subscriptions_url": ["https://api.github.com/users/flowes/subscriptions"],
    "organizations_url": ["https://api.github.com/users/flowes/orgs"],
    "repos_url": ["https://api.github.com/users/flowes/repos"],
    "events_url": ["https://api.github.com/users/flowes/events{/privacy}"],
    "received_events_url": ["https://api.github.com/users/flowes/received_events"],
    "type": ["User"],
    "site_admin": [false]
  }
]
