[
  {
    "login": ["corlin"],
    "id": [512805],
    "node_id": ["MDQ6VXNlcjUxMjgwNQ=="],
    "avatar_url": ["https://avatars2.githubusercontent.com/u/512805?v=4"],
    "gravatar_id": [""],
    "url": ["https://api.github.com/users/corlin"],
    "html_url": ["https://github.com/corlin"],
    "followers_url": ["https://api.github.com/users/corlin/followers"],
    "following_url": ["https://api.github.com/users/corlin/following{/other_user}"],
    "gists_url": ["https://api.github.com/users/corlin/gists{/gist_id}"],
    "starred_url": ["https://api.github.com/users/corlin/starred{/owner}{/repo}"],
    "subscriptions_url": ["https://api.github.com/users/corlin/subscriptions"],
    "organizations_url": ["https://api.github.com/users/corlin/orgs"],
    "repos_url": ["https://api.github.com/users/corlin/repos"],
    "events_url": ["https://api.github.com/users/corlin/events{/privacy}"],
    "received_events_url": ["https://api.github.com/users/corlin/received_events"],
    "type": ["User"],
    "site_admin": [false]
  }
]
