[
  {
    "login": ["RichJackson"],
    "id": [7306627],
    "node_id": ["MDQ6VXNlcjczMDY2Mjc="],
    "avatar_url": ["https://avatars1.githubusercontent.com/u/7306627?v=4"],
    "gravatar_id": [""],
    "url": ["https://api.github.com/users/RichJackson"],
    "html_url": ["https://github.com/RichJackson"],
    "followers_url": ["https://api.github.com/users/RichJackson/followers"],
    "following_url": ["https://api.github.com/users/RichJackson/following{/other_user}"],
    "gists_url": ["https://api.github.com/users/RichJackson/gists{/gist_id}"],
    "starred_url": ["https://api.github.com/users/RichJackson/starred{/owner}{/repo}"],
    "subscriptions_url": ["https://api.github.com/users/RichJackson/subscriptions"],
    "organizations_url": ["https://api.github.com/users/RichJackson/orgs"],
    "repos_url": ["https://api.github.com/users/RichJackson/repos"],
    "events_url": ["https://api.github.com/users/RichJackson/events{/privacy}"],
    "received_events_url": ["https://api.github.com/users/RichJackson/received_events"],
    "type": ["User"],
    "site_admin": [false]
  }
]
