[
  {
    "login": ["ereday"],
    "id": [13196191],
    "node_id": ["MDQ6VXNlcjEzMTk2MTkx"],
    "avatar_url": ["https://avatars0.githubusercontent.com/u/13196191?v=4"],
    "gravatar_id": [""],
    "url": ["https://api.github.com/users/ereday"],
    "html_url": ["https://github.com/ereday"],
    "followers_url": ["https://api.github.com/users/ereday/followers"],
    "following_url": ["https://api.github.com/users/ereday/following{/other_user}"],
    "gists_url": ["https://api.github.com/users/ereday/gists{/gist_id}"],
    "starred_url": ["https://api.github.com/users/ereday/starred{/owner}{/repo}"],
    "subscriptions_url": ["https://api.github.com/users/ereday/subscriptions"],
    "organizations_url": ["https://api.github.com/users/ereday/orgs"],
    "repos_url": ["https://api.github.com/users/ereday/repos"],
    "events_url": ["https://api.github.com/users/ereday/events{/privacy}"],
    "received_events_url": ["https://api.github.com/users/ereday/received_events"],
    "type": ["User"],
    "site_admin": [false]
  }
]
