[
  {
    "login": ["technologiclee"],
    "id": [93859],
    "node_id": ["MDQ6VXNlcjkzODU5"],
    "avatar_url": ["https://avatars3.githubusercontent.com/u/93859?v=4"],
    "gravatar_id": [""],
    "url": ["https://api.github.com/users/technologiclee"],
    "html_url": ["https://github.com/technologiclee"],
    "followers_url": ["https://api.github.com/users/technologiclee/followers"],
    "following_url": ["https://api.github.com/users/technologiclee/following{/other_user}"],
    "gists_url": ["https://api.github.com/users/technologiclee/gists{/gist_id}"],
    "starred_url": ["https://api.github.com/users/technologiclee/starred{/owner}{/repo}"],
    "subscriptions_url": ["https://api.github.com/users/technologiclee/subscriptions"],
    "organizations_url": ["https://api.github.com/users/technologiclee/orgs"],
    "repos_url": ["https://api.github.com/users/technologiclee/repos"],
    "events_url": ["https://api.github.com/users/technologiclee/events{/privacy}"],
    "received_events_url": ["https://api.github.com/users/technologiclee/received_events"],
    "type": ["User"],
    "site_admin": [false]
  }
]
