[
  {
    "login": ["mzwiessele"],
    "id": [1563689],
    "node_id": ["MDQ6VXNlcjE1NjM2ODk="],
    "avatar_url": ["https://avatars0.githubusercontent.com/u/1563689?v=4"],
    "gravatar_id": [""],
    "url": ["https://api.github.com/users/mzwiessele"],
    "html_url": ["https://github.com/mzwiessele"],
    "followers_url": ["https://api.github.com/users/mzwiessele/followers"],
    "following_url": ["https://api.github.com/users/mzwiessele/following{/other_user}"],
    "gists_url": ["https://api.github.com/users/mzwiessele/gists{/gist_id}"],
    "starred_url": ["https://api.github.com/users/mzwiessele/starred{/owner}{/repo}"],
    "subscriptions_url": ["https://api.github.com/users/mzwiessele/subscriptions"],
    "organizations_url": ["https://api.github.com/users/mzwiessele/orgs"],
    "repos_url": ["https://api.github.com/users/mzwiessele/repos"],
    "events_url": ["https://api.github.com/users/mzwiessele/events{/privacy}"],
    "received_events_url": ["https://api.github.com/users/mzwiessele/received_events"],
    "type": ["User"],
    "site_admin": [false]
  }
]
