[
  {
    "login": ["nikolamilosevic86"],
    "id": [5192295],
    "node_id": ["MDQ6VXNlcjUxOTIyOTU="],
    "avatar_url": ["https://avatars0.githubusercontent.com/u/5192295?v=4"],
    "gravatar_id": [""],
    "url": ["https://api.github.com/users/nikolamilosevic86"],
    "html_url": ["https://github.com/nikolamilosevic86"],
    "followers_url": ["https://api.github.com/users/nikolamilosevic86/followers"],
    "following_url": ["https://api.github.com/users/nikolamilosevic86/following{/other_user}"],
    "gists_url": ["https://api.github.com/users/nikolamilosevic86/gists{/gist_id}"],
    "starred_url": ["https://api.github.com/users/nikolamilosevic86/starred{/owner}{/repo}"],
    "subscriptions_url": ["https://api.github.com/users/nikolamilosevic86/subscriptions"],
    "organizations_url": ["https://api.github.com/users/nikolamilosevic86/orgs"],
    "repos_url": ["https://api.github.com/users/nikolamilosevic86/repos"],
    "events_url": ["https://api.github.com/users/nikolamilosevic86/events{/privacy}"],
    "received_events_url": ["https://api.github.com/users/nikolamilosevic86/received_events"],
    "type": ["User"],
    "site_admin": [false]
  }
]
