[
  {
    "login": ["rickdane"],
    "id": [1169168],
    "node_id": ["MDQ6VXNlcjExNjkxNjg="],
    "avatar_url": ["https://avatars0.githubusercontent.com/u/1169168?v=4"],
    "gravatar_id": [""],
    "url": ["https://api.github.com/users/rickdane"],
    "html_url": ["https://github.com/rickdane"],
    "followers_url": ["https://api.github.com/users/rickdane/followers"],
    "following_url": ["https://api.github.com/users/rickdane/following{/other_user}"],
    "gists_url": ["https://api.github.com/users/rickdane/gists{/gist_id}"],
    "starred_url": ["https://api.github.com/users/rickdane/starred{/owner}{/repo}"],
    "subscriptions_url": ["https://api.github.com/users/rickdane/subscriptions"],
    "organizations_url": ["https://api.github.com/users/rickdane/orgs"],
    "repos_url": ["https://api.github.com/users/rickdane/repos"],
    "events_url": ["https://api.github.com/users/rickdane/events{/privacy}"],
    "received_events_url": ["https://api.github.com/users/rickdane/received_events"],
    "type": ["User"],
    "site_admin": [false]
  }
]
