[
  {
    "login": ["jakemorten"],
    "id": [44758085],
    "node_id": ["MDQ6VXNlcjQ0NzU4MDg1"],
    "avatar_url": ["https://avatars3.githubusercontent.com/u/44758085?v=4"],
    "gravatar_id": [""],
    "url": ["https://api.github.com/users/jakemorten"],
    "html_url": ["https://github.com/jakemorten"],
    "followers_url": ["https://api.github.com/users/jakemorten/followers"],
    "following_url": ["https://api.github.com/users/jakemorten/following{/other_user}"],
    "gists_url": ["https://api.github.com/users/jakemorten/gists{/gist_id}"],
    "starred_url": ["https://api.github.com/users/jakemorten/starred{/owner}{/repo}"],
    "subscriptions_url": ["https://api.github.com/users/jakemorten/subscriptions"],
    "organizations_url": ["https://api.github.com/users/jakemorten/orgs"],
    "repos_url": ["https://api.github.com/users/jakemorten/repos"],
    "events_url": ["https://api.github.com/users/jakemorten/events{/privacy}"],
    "received_events_url": ["https://api.github.com/users/jakemorten/received_events"],
    "type": ["User"],
    "site_admin": [false]
  }
]
