[
  {
    "login": ["Arshdeep9"],
    "id": [23720593],
    "node_id": ["MDQ6VXNlcjIzNzIwNTkz"],
    "avatar_url": ["https://avatars2.githubusercontent.com/u/23720593?v=4"],
    "gravatar_id": [""],
    "url": ["https://api.github.com/users/Arshdeep9"],
    "html_url": ["https://github.com/Arshdeep9"],
    "followers_url": ["https://api.github.com/users/Arshdeep9/followers"],
    "following_url": ["https://api.github.com/users/Arshdeep9/following{/other_user}"],
    "gists_url": ["https://api.github.com/users/Arshdeep9/gists{/gist_id}"],
    "starred_url": ["https://api.github.com/users/Arshdeep9/starred{/owner}{/repo}"],
    "subscriptions_url": ["https://api.github.com/users/Arshdeep9/subscriptions"],
    "organizations_url": ["https://api.github.com/users/Arshdeep9/orgs"],
    "repos_url": ["https://api.github.com/users/Arshdeep9/repos"],
    "events_url": ["https://api.github.com/users/Arshdeep9/events{/privacy}"],
    "received_events_url": ["https://api.github.com/users/Arshdeep9/received_events"],
    "type": ["User"],
    "site_admin": [false]
  }
]
