[
  {
    "login": ["ziqizhang"],
    "id": [3355885],
    "node_id": ["MDQ6VXNlcjMzNTU4ODU="],
    "avatar_url": ["https://avatars0.githubusercontent.com/u/3355885?v=4"],
    "gravatar_id": [""],
    "url": ["https://api.github.com/users/ziqizhang"],
    "html_url": ["https://github.com/ziqizhang"],
    "followers_url": ["https://api.github.com/users/ziqizhang/followers"],
    "following_url": ["https://api.github.com/users/ziqizhang/following{/other_user}"],
    "gists_url": ["https://api.github.com/users/ziqizhang/gists{/gist_id}"],
    "starred_url": ["https://api.github.com/users/ziqizhang/starred{/owner}{/repo}"],
    "subscriptions_url": ["https://api.github.com/users/ziqizhang/subscriptions"],
    "organizations_url": ["https://api.github.com/users/ziqizhang/orgs"],
    "repos_url": ["https://api.github.com/users/ziqizhang/repos"],
    "events_url": ["https://api.github.com/users/ziqizhang/events{/privacy}"],
    "received_events_url": ["https://api.github.com/users/ziqizhang/received_events"],
    "type": ["User"],
    "site_admin": [false]
  }
]
