[
  {
    "login": ["ck37"],
    "id": [50770],
    "node_id": ["MDQ6VXNlcjUwNzcw"],
    "avatar_url": ["https://avatars3.githubusercontent.com/u/50770?v=4"],
    "gravatar_id": [""],
    "url": ["https://api.github.com/users/ck37"],
    "html_url": ["https://github.com/ck37"],
    "followers_url": ["https://api.github.com/users/ck37/followers"],
    "following_url": ["https://api.github.com/users/ck37/following{/other_user}"],
    "gists_url": ["https://api.github.com/users/ck37/gists{/gist_id}"],
    "starred_url": ["https://api.github.com/users/ck37/starred{/owner}{/repo}"],
    "subscriptions_url": ["https://api.github.com/users/ck37/subscriptions"],
    "organizations_url": ["https://api.github.com/users/ck37/orgs"],
    "repos_url": ["https://api.github.com/users/ck37/repos"],
    "events_url": ["https://api.github.com/users/ck37/events{/privacy}"],
    "received_events_url": ["https://api.github.com/users/ck37/received_events"],
    "type": ["User"],
    "site_admin": [false]
  }
]
