[
  {
    "login": ["akki2825"],
    "id": [16488036],
    "node_id": ["MDQ6VXNlcjE2NDg4MDM2"],
    "avatar_url": ["https://avatars1.githubusercontent.com/u/16488036?v=4"],
    "gravatar_id": [""],
    "url": ["https://api.github.com/users/akki2825"],
    "html_url": ["https://github.com/akki2825"],
    "followers_url": ["https://api.github.com/users/akki2825/followers"],
    "following_url": ["https://api.github.com/users/akki2825/following{/other_user}"],
    "gists_url": ["https://api.github.com/users/akki2825/gists{/gist_id}"],
    "starred_url": ["https://api.github.com/users/akki2825/starred{/owner}{/repo}"],
    "subscriptions_url": ["https://api.github.com/users/akki2825/subscriptions"],
    "organizations_url": ["https://api.github.com/users/akki2825/orgs"],
    "repos_url": ["https://api.github.com/users/akki2825/repos"],
    "events_url": ["https://api.github.com/users/akki2825/events{/privacy}"],
    "received_events_url": ["https://api.github.com/users/akki2825/received_events"],
    "type": ["User"],
    "site_admin": [false]
  }
]
