[
  {
    "login": ["lorenzleutgeb"],
    "id": [542154],
    "node_id": ["MDQ6VXNlcjU0MjE1NA=="],
    "avatar_url": ["https://avatars1.githubusercontent.com/u/542154?v=4"],
    "gravatar_id": [""],
    "url": ["https://api.github.com/users/lorenzleutgeb"],
    "html_url": ["https://github.com/lorenzleutgeb"],
    "followers_url": ["https://api.github.com/users/lorenzleutgeb/followers"],
    "following_url": ["https://api.github.com/users/lorenzleutgeb/following{/other_user}"],
    "gists_url": ["https://api.github.com/users/lorenzleutgeb/gists{/gist_id}"],
    "starred_url": ["https://api.github.com/users/lorenzleutgeb/starred{/owner}{/repo}"],
    "subscriptions_url": ["https://api.github.com/users/lorenzleutgeb/subscriptions"],
    "organizations_url": ["https://api.github.com/users/lorenzleutgeb/orgs"],
    "repos_url": ["https://api.github.com/users/lorenzleutgeb/repos"],
    "events_url": ["https://api.github.com/users/lorenzleutgeb/events{/privacy}"],
    "received_events_url": ["https://api.github.com/users/lorenzleutgeb/received_events"],
    "type": ["User"],
    "site_admin": [false]
  }
]
