[
  {
    "login": ["bharatbhasin"],
    "id": [5793870],
    "node_id": ["MDQ6VXNlcjU3OTM4NzA="],
    "avatar_url": ["https://avatars3.githubusercontent.com/u/5793870?v=4"],
    "gravatar_id": [""],
    "url": ["https://api.github.com/users/bharatbhasin"],
    "html_url": ["https://github.com/bharatbhasin"],
    "followers_url": ["https://api.github.com/users/bharatbhasin/followers"],
    "following_url": ["https://api.github.com/users/bharatbhasin/following{/other_user}"],
    "gists_url": ["https://api.github.com/users/bharatbhasin/gists{/gist_id}"],
    "starred_url": ["https://api.github.com/users/bharatbhasin/starred{/owner}{/repo}"],
    "subscriptions_url": ["https://api.github.com/users/bharatbhasin/subscriptions"],
    "organizations_url": ["https://api.github.com/users/bharatbhasin/orgs"],
    "repos_url": ["https://api.github.com/users/bharatbhasin/repos"],
    "events_url": ["https://api.github.com/users/bharatbhasin/events{/privacy}"],
    "received_events_url": ["https://api.github.com/users/bharatbhasin/received_events"],
    "type": ["User"],
    "site_admin": [false]
  }
]
