[
  {
    "login": ["rmdort"],
    "id": [118231],
    "node_id": ["MDQ6VXNlcjExODIzMQ=="],
    "avatar_url": ["https://avatars0.githubusercontent.com/u/118231?v=4"],
    "gravatar_id": [""],
    "url": ["https://api.github.com/users/rmdort"],
    "html_url": ["https://github.com/rmdort"],
    "followers_url": ["https://api.github.com/users/rmdort/followers"],
    "following_url": ["https://api.github.com/users/rmdort/following{/other_user}"],
    "gists_url": ["https://api.github.com/users/rmdort/gists{/gist_id}"],
    "starred_url": ["https://api.github.com/users/rmdort/starred{/owner}{/repo}"],
    "subscriptions_url": ["https://api.github.com/users/rmdort/subscriptions"],
    "organizations_url": ["https://api.github.com/users/rmdort/orgs"],
    "repos_url": ["https://api.github.com/users/rmdort/repos"],
    "events_url": ["https://api.github.com/users/rmdort/events{/privacy}"],
    "received_events_url": ["https://api.github.com/users/rmdort/received_events"],
    "type": ["User"],
    "site_admin": [false]
  }
]
