[
  {
    "login": ["sevketcan"],
    "id": [26925673],
    "node_id": ["MDQ6VXNlcjI2OTI1Njcz"],
    "avatar_url": ["https://avatars2.githubusercontent.com/u/26925673?v=4"],
    "gravatar_id": [""],
    "url": ["https://api.github.com/users/sevketcan"],
    "html_url": ["https://github.com/sevketcan"],
    "followers_url": ["https://api.github.com/users/sevketcan/followers"],
    "following_url": ["https://api.github.com/users/sevketcan/following{/other_user}"],
    "gists_url": ["https://api.github.com/users/sevketcan/gists{/gist_id}"],
    "starred_url": ["https://api.github.com/users/sevketcan/starred{/owner}{/repo}"],
    "subscriptions_url": ["https://api.github.com/users/sevketcan/subscriptions"],
    "organizations_url": ["https://api.github.com/users/sevketcan/orgs"],
    "repos_url": ["https://api.github.com/users/sevketcan/repos"],
    "events_url": ["https://api.github.com/users/sevketcan/events{/privacy}"],
    "received_events_url": ["https://api.github.com/users/sevketcan/received_events"],
    "type": ["User"],
    "site_admin": [false]
  }
]
