[
  {
    "login": ["geosmart"],
    "id": [3156608],
    "node_id": ["MDQ6VXNlcjMxNTY2MDg="],
    "avatar_url": ["https://avatars3.githubusercontent.com/u/3156608?v=4"],
    "gravatar_id": [""],
    "url": ["https://api.github.com/users/geosmart"],
    "html_url": ["https://github.com/geosmart"],
    "followers_url": ["https://api.github.com/users/geosmart/followers"],
    "following_url": ["https://api.github.com/users/geosmart/following{/other_user}"],
    "gists_url": ["https://api.github.com/users/geosmart/gists{/gist_id}"],
    "starred_url": ["https://api.github.com/users/geosmart/starred{/owner}{/repo}"],
    "subscriptions_url": ["https://api.github.com/users/geosmart/subscriptions"],
    "organizations_url": ["https://api.github.com/users/geosmart/orgs"],
    "repos_url": ["https://api.github.com/users/geosmart/repos"],
    "events_url": ["https://api.github.com/users/geosmart/events{/privacy}"],
    "received_events_url": ["https://api.github.com/users/geosmart/received_events"],
    "type": ["User"],
    "site_admin": [false]
  }
]
