[
  {
    "login": ["jonsafari"],
    "id": [802922],
    "node_id": ["MDQ6VXNlcjgwMjkyMg=="],
    "avatar_url": ["https://avatars2.githubusercontent.com/u/802922?v=4"],
    "gravatar_id": [""],
    "url": ["https://api.github.com/users/jonsafari"],
    "html_url": ["https://github.com/jonsafari"],
    "followers_url": ["https://api.github.com/users/jonsafari/followers"],
    "following_url": ["https://api.github.com/users/jonsafari/following{/other_user}"],
    "gists_url": ["https://api.github.com/users/jonsafari/gists{/gist_id}"],
    "starred_url": ["https://api.github.com/users/jonsafari/starred{/owner}{/repo}"],
    "subscriptions_url": ["https://api.github.com/users/jonsafari/subscriptions"],
    "organizations_url": ["https://api.github.com/users/jonsafari/orgs"],
    "repos_url": ["https://api.github.com/users/jonsafari/repos"],
    "events_url": ["https://api.github.com/users/jonsafari/events{/privacy}"],
    "received_events_url": ["https://api.github.com/users/jonsafari/received_events"],
    "type": ["User"],
    "site_admin": [false]
  }
]
