[
  {
    "login": ["mponza"],
    "id": [5848995],
    "node_id": ["MDQ6VXNlcjU4NDg5OTU="],
    "avatar_url": ["https://avatars3.githubusercontent.com/u/5848995?v=4"],
    "gravatar_id": [""],
    "url": ["https://api.github.com/users/mponza"],
    "html_url": ["https://github.com/mponza"],
    "followers_url": ["https://api.github.com/users/mponza/followers"],
    "following_url": ["https://api.github.com/users/mponza/following{/other_user}"],
    "gists_url": ["https://api.github.com/users/mponza/gists{/gist_id}"],
    "starred_url": ["https://api.github.com/users/mponza/starred{/owner}{/repo}"],
    "subscriptions_url": ["https://api.github.com/users/mponza/subscriptions"],
    "organizations_url": ["https://api.github.com/users/mponza/orgs"],
    "repos_url": ["https://api.github.com/users/mponza/repos"],
    "events_url": ["https://api.github.com/users/mponza/events{/privacy}"],
    "received_events_url": ["https://api.github.com/users/mponza/received_events"],
    "type": ["User"],
    "site_admin": [false]
  }
]
