[
  {
    "login": ["Ikhwan-Syafiq"],
    "id": [30239033],
    "node_id": ["MDQ6VXNlcjMwMjM5MDMz"],
    "avatar_url": ["https://avatars1.githubusercontent.com/u/30239033?v=4"],
    "gravatar_id": [""],
    "url": ["https://api.github.com/users/Ikhwan-Syafiq"],
    "html_url": ["https://github.com/Ikhwan-Syafiq"],
    "followers_url": ["https://api.github.com/users/Ikhwan-Syafiq/followers"],
    "following_url": ["https://api.github.com/users/Ikhwan-Syafiq/following{/other_user}"],
    "gists_url": ["https://api.github.com/users/Ikhwan-Syafiq/gists{/gist_id}"],
    "starred_url": ["https://api.github.com/users/Ikhwan-Syafiq/starred{/owner}{/repo}"],
    "subscriptions_url": ["https://api.github.com/users/Ikhwan-Syafiq/subscriptions"],
    "organizations_url": ["https://api.github.com/users/Ikhwan-Syafiq/orgs"],
    "repos_url": ["https://api.github.com/users/Ikhwan-Syafiq/repos"],
    "events_url": ["https://api.github.com/users/Ikhwan-Syafiq/events{/privacy}"],
    "received_events_url": ["https://api.github.com/users/Ikhwan-Syafiq/received_events"],
    "type": ["User"],
    "site_admin": [false]
  }
]
