[
  {
    "login": ["ricalanis"],
    "id": [3820751],
    "node_id": ["MDQ6VXNlcjM4MjA3NTE="],
    "avatar_url": ["https://avatars1.githubusercontent.com/u/3820751?v=4"],
    "gravatar_id": [""],
    "url": ["https://api.github.com/users/ricalanis"],
    "html_url": ["https://github.com/ricalanis"],
    "followers_url": ["https://api.github.com/users/ricalanis/followers"],
    "following_url": ["https://api.github.com/users/ricalanis/following{/other_user}"],
    "gists_url": ["https://api.github.com/users/ricalanis/gists{/gist_id}"],
    "starred_url": ["https://api.github.com/users/ricalanis/starred{/owner}{/repo}"],
    "subscriptions_url": ["https://api.github.com/users/ricalanis/subscriptions"],
    "organizations_url": ["https://api.github.com/users/ricalanis/orgs"],
    "repos_url": ["https://api.github.com/users/ricalanis/repos"],
    "events_url": ["https://api.github.com/users/ricalanis/events{/privacy}"],
    "received_events_url": ["https://api.github.com/users/ricalanis/received_events"],
    "type": ["User"],
    "site_admin": [false]
  }
]
