[
  {
    "login": ["xiaoweifan"],
    "id": [33625686],
    "node_id": ["MDQ6VXNlcjMzNjI1Njg2"],
    "avatar_url": ["https://avatars3.githubusercontent.com/u/33625686?v=4"],
    "gravatar_id": [""],
    "url": ["https://api.github.com/users/xiaoweifan"],
    "html_url": ["https://github.com/xiaoweifan"],
    "followers_url": ["https://api.github.com/users/xiaoweifan/followers"],
    "following_url": ["https://api.github.com/users/xiaoweifan/following{/other_user}"],
    "gists_url": ["https://api.github.com/users/xiaoweifan/gists{/gist_id}"],
    "starred_url": ["https://api.github.com/users/xiaoweifan/starred{/owner}{/repo}"],
    "subscriptions_url": ["https://api.github.com/users/xiaoweifan/subscriptions"],
    "organizations_url": ["https://api.github.com/users/xiaoweifan/orgs"],
    "repos_url": ["https://api.github.com/users/xiaoweifan/repos"],
    "events_url": ["https://api.github.com/users/xiaoweifan/events{/privacy}"],
    "received_events_url": ["https://api.github.com/users/xiaoweifan/received_events"],
    "type": ["User"],
    "site_admin": [false]
  }
]
