[
  {
    "login": ["hasibi"],
    "id": [1858832],
    "node_id": ["MDQ6VXNlcjE4NTg4MzI="],
    "avatar_url": ["https://avatars0.githubusercontent.com/u/1858832?v=4"],
    "gravatar_id": [""],
    "url": ["https://api.github.com/users/hasibi"],
    "html_url": ["https://github.com/hasibi"],
    "followers_url": ["https://api.github.com/users/hasibi/followers"],
    "following_url": ["https://api.github.com/users/hasibi/following{/other_user}"],
    "gists_url": ["https://api.github.com/users/hasibi/gists{/gist_id}"],
    "starred_url": ["https://api.github.com/users/hasibi/starred{/owner}{/repo}"],
    "subscriptions_url": ["https://api.github.com/users/hasibi/subscriptions"],
    "organizations_url": ["https://api.github.com/users/hasibi/orgs"],
    "repos_url": ["https://api.github.com/users/hasibi/repos"],
    "events_url": ["https://api.github.com/users/hasibi/events{/privacy}"],
    "received_events_url": ["https://api.github.com/users/hasibi/received_events"],
    "type": ["User"],
    "site_admin": [false]
  }
]
