[
  {
    "login": ["krishnareddyML"],
    "id": [15810484],
    "node_id": ["MDQ6VXNlcjE1ODEwNDg0"],
    "avatar_url": ["https://avatars0.githubusercontent.com/u/15810484?v=4"],
    "gravatar_id": [""],
    "url": ["https://api.github.com/users/krishnareddyML"],
    "html_url": ["https://github.com/krishnareddyML"],
    "followers_url": ["https://api.github.com/users/krishnareddyML/followers"],
    "following_url": ["https://api.github.com/users/krishnareddyML/following{/other_user}"],
    "gists_url": ["https://api.github.com/users/krishnareddyML/gists{/gist_id}"],
    "starred_url": ["https://api.github.com/users/krishnareddyML/starred{/owner}{/repo}"],
    "subscriptions_url": ["https://api.github.com/users/krishnareddyML/subscriptions"],
    "organizations_url": ["https://api.github.com/users/krishnareddyML/orgs"],
    "repos_url": ["https://api.github.com/users/krishnareddyML/repos"],
    "events_url": ["https://api.github.com/users/krishnareddyML/events{/privacy}"],
    "received_events_url": ["https://api.github.com/users/krishnareddyML/received_events"],
    "type": ["User"],
    "site_admin": [false]
  }
]
