[
  {
    "login": ["alexdirecting"],
    "id": [3881706],
    "node_id": ["MDQ6VXNlcjM4ODE3MDY="],
    "avatar_url": ["https://avatars2.githubusercontent.com/u/3881706?v=4"],
    "gravatar_id": [""],
    "url": ["https://api.github.com/users/alexdirecting"],
    "html_url": ["https://github.com/alexdirecting"],
    "followers_url": ["https://api.github.com/users/alexdirecting/followers"],
    "following_url": ["https://api.github.com/users/alexdirecting/following{/other_user}"],
    "gists_url": ["https://api.github.com/users/alexdirecting/gists{/gist_id}"],
    "starred_url": ["https://api.github.com/users/alexdirecting/starred{/owner}{/repo}"],
    "subscriptions_url": ["https://api.github.com/users/alexdirecting/subscriptions"],
    "organizations_url": ["https://api.github.com/users/alexdirecting/orgs"],
    "repos_url": ["https://api.github.com/users/alexdirecting/repos"],
    "events_url": ["https://api.github.com/users/alexdirecting/events{/privacy}"],
    "received_events_url": ["https://api.github.com/users/alexdirecting/received_events"],
    "type": ["User"],
    "site_admin": [false]
  }
]
