[
  {
    "login": ["leondz"],
    "id": [121934],
    "node_id": ["MDQ6VXNlcjEyMTkzNA=="],
    "avatar_url": ["https://avatars0.githubusercontent.com/u/121934?v=4"],
    "gravatar_id": [""],
    "url": ["https://api.github.com/users/leondz"],
    "html_url": ["https://github.com/leondz"],
    "followers_url": ["https://api.github.com/users/leondz/followers"],
    "following_url": ["https://api.github.com/users/leondz/following{/other_user}"],
    "gists_url": ["https://api.github.com/users/leondz/gists{/gist_id}"],
    "starred_url": ["https://api.github.com/users/leondz/starred{/owner}{/repo}"],
    "subscriptions_url": ["https://api.github.com/users/leondz/subscriptions"],
    "organizations_url": ["https://api.github.com/users/leondz/orgs"],
    "repos_url": ["https://api.github.com/users/leondz/repos"],
    "events_url": ["https://api.github.com/users/leondz/events{/privacy}"],
    "received_events_url": ["https://api.github.com/users/leondz/received_events"],
    "type": ["User"],
    "site_admin": [false]
  }
]
