[
  {
    "url": ["https://api.github.com/repos/johann-petrak/gateplugin-VirtualCorpus/issues/1"],
    "repository_url": ["https://api.github.com/repos/johann-petrak/gateplugin-VirtualCorpus"],
    "labels_url": ["https://api.github.com/repos/johann-petrak/gateplugin-VirtualCorpus/issues/1/labels{/name}"],
    "comments_url": ["https://api.github.com/repos/johann-petrak/gateplugin-VirtualCorpus/issues/1/comments"],
    "events_url": ["https://api.github.com/repos/johann-petrak/gateplugin-VirtualCorpus/issues/1/events"],
    "html_url": ["https://github.com/johann-petrak/gateplugin-VirtualCorpus/issues/1"],
    "id": [239211918],
    "node_id": ["MDU6SXNzdWUyMzkyMTE5MTg="],
    "number": [1],
    "title": ["Copy over / add documentation"],
    "user": {
      "login": ["johann-petrak"],
      "id": [619106],
      "node_id": ["MDQ6VXNlcjYxOTEwNg=="],
      "avatar_url": ["https://avatars0.githubusercontent.com/u/619106?v=4"],
      "gravatar_id": [""],
      "url": ["https://api.github.com/users/johann-petrak"],
      "html_url": ["https://github.com/johann-petrak"],
      "followers_url": ["https://api.github.com/users/johann-petrak/followers"],
      "following_url": ["https://api.github.com/users/johann-petrak/following{/other_user}"],
      "gists_url": ["https://api.github.com/users/johann-petrak/gists{/gist_id}"],
      "starred_url": ["https://api.github.com/users/johann-petrak/starred{/owner}{/repo}"],
      "subscriptions_url": ["https://api.github.com/users/johann-petrak/subscriptions"],
      "organizations_url": ["https://api.github.com/users/johann-petrak/orgs"],
      "repos_url": ["https://api.github.com/users/johann-petrak/repos"],
      "events_url": ["https://api.github.com/users/johann-petrak/events{/privacy}"],
      "received_events_url": ["https://api.github.com/users/johann-petrak/received_events"],
      "type": ["User"],
      "site_admin": [false]
    },
    "labels": [],
    "state": ["open"],
    "locked": [false],
    "assignee": {},
    "assignees": [],
    "milestone": {},
    "comments": [0],
    "created_at": ["2017-06-28T15:53:31Z"],
    "updated_at": ["2017-06-28T15:53:31Z"],
    "closed_at": {},
    "author_association": ["OWNER"],
    "body": ["Some of the original documentation may still be useful: \r\n* https://code.google.com/archive/p/gateplugin-virtualcorpus/\r\n* https://code.google.com/archive/p/gateplugin-virtualcorpus/wikis"]
  }
]
