[
  {
    "url": ["https://api.github.com/repos/johann-petrak/gatetool-runpipeline/issues/2"],
    "repository_url": ["https://api.github.com/repos/johann-petrak/gatetool-runpipeline"],
    "labels_url": ["https://api.github.com/repos/johann-petrak/gatetool-runpipeline/issues/2/labels{/name}"],
    "comments_url": ["https://api.github.com/repos/johann-petrak/gatetool-runpipeline/issues/2/comments"],
    "events_url": ["https://api.github.com/repos/johann-petrak/gatetool-runpipeline/issues/2/events"],
    "html_url": ["https://github.com/johann-petrak/gatetool-runpipeline/issues/2"],
    "id": [318897126],
    "node_id": ["MDU6SXNzdWUzMTg4OTcxMjY="],
    "number": [2],
    "title": ["Does not seem to work on a Mac"],
    "user": {
      "login": ["johann-petrak"],
      "id": [619106],
      "node_id": ["MDQ6VXNlcjYxOTEwNg=="],
      "avatar_url": ["https://avatars0.githubusercontent.com/u/619106?v=4"],
      "gravatar_id": [""],
      "url": ["https://api.github.com/users/johann-petrak"],
      "html_url": ["https://github.com/johann-petrak"],
      "followers_url": ["https://api.github.com/users/johann-petrak/followers"],
      "following_url": ["https://api.github.com/users/johann-petrak/following{/other_user}"],
      "gists_url": ["https://api.github.com/users/johann-petrak/gists{/gist_id}"],
      "starred_url": ["https://api.github.com/users/johann-petrak/starred{/owner}{/repo}"],
      "subscriptions_url": ["https://api.github.com/users/johann-petrak/subscriptions"],
      "organizations_url": ["https://api.github.com/users/johann-petrak/orgs"],
      "repos_url": ["https://api.github.com/users/johann-petrak/repos"],
      "events_url": ["https://api.github.com/users/johann-petrak/events{/privacy}"],
      "received_events_url": ["https://api.github.com/users/johann-petrak/received_events"],
      "type": ["User"],
      "site_admin": [false]
    },
    "labels": [],
    "state": ["open"],
    "locked": [false],
    "assignee": {},
    "assignees": [],
    "milestone": {},
    "comments": [0],
    "created_at": ["2018-04-30T13:51:29Z"],
    "updated_at": ["2018-04-30T13:51:29Z"],
    "closed_at": {},
    "author_association": ["OWNER"],
    "body": ["Two problems:\r\n* redirecting stderr and stdout using `|&` does not work\r\n* there is a problem running scala "]
  }
]
