[
  {
    "id": [25695315],
    "node_id": ["MDEwOlJlcG9zaXRvcnkyNTY5NTMxNQ=="],
    "name": ["gateplugin-VirtualCorpus"],
    "full_name": ["johann-petrak/gateplugin-VirtualCorpus"],
    "private": [false],
    "owner": {
      "login": ["johann-petrak"],
      "id": [619106],
      "node_id": ["MDQ6VXNlcjYxOTEwNg=="],
      "avatar_url": ["https://avatars0.githubusercontent.com/u/619106?v=4"],
      "gravatar_id": [""],
      "url": ["https://api.github.com/users/johann-petrak"],
      "html_url": ["https://github.com/johann-petrak"],
      "followers_url": ["https://api.github.com/users/johann-petrak/followers"],
      "following_url": ["https://api.github.com/users/johann-petrak/following{/other_user}"],
      "gists_url": ["https://api.github.com/users/johann-petrak/gists{/gist_id}"],
      "starred_url": ["https://api.github.com/users/johann-petrak/starred{/owner}{/repo}"],
      "subscriptions_url": ["https://api.github.com/users/johann-petrak/subscriptions"],
      "organizations_url": ["https://api.github.com/users/johann-petrak/orgs"],
      "repos_url": ["https://api.github.com/users/johann-petrak/repos"],
      "events_url": ["https://api.github.com/users/johann-petrak/events{/privacy}"],
      "received_events_url": ["https://api.github.com/users/johann-petrak/received_events"],
      "type": ["User"],
      "site_admin": [false]
    },
    "html_url": ["https://github.com/johann-petrak/gateplugin-VirtualCorpus"],
    "description": ["A plugin for the GATE language technology framework that provides corpus LRs for directories and JDBC databases"],
    "fork": [false],
    "url": ["https://api.github.com/repos/johann-petrak/gateplugin-VirtualCorpus"],
    "forks_url": ["https://api.github.com/repos/johann-petrak/gateplugin-VirtualCorpus/forks"],
    "keys_url": ["https://api.github.com/repos/johann-petrak/gateplugin-VirtualCorpus/keys{/key_id}"],
    "collaborators_url": ["https://api.github.com/repos/johann-petrak/gateplugin-VirtualCorpus/collaborators{/collaborator}"],
    "teams_url": ["https://api.github.com/repos/johann-petrak/gateplugin-VirtualCorpus/teams"],
    "hooks_url": ["https://api.github.com/repos/johann-petrak/gateplugin-VirtualCorpus/hooks"],
    "issue_events_url": ["https://api.github.com/repos/johann-petrak/gateplugin-VirtualCorpus/issues/events{/number}"],
    "events_url": ["https://api.github.com/repos/johann-petrak/gateplugin-VirtualCorpus/events"],
    "assignees_url": ["https://api.github.com/repos/johann-petrak/gateplugin-VirtualCorpus/assignees{/user}"],
    "branches_url": ["https://api.github.com/repos/johann-petrak/gateplugin-VirtualCorpus/branches{/branch}"],
    "tags_url": ["https://api.github.com/repos/johann-petrak/gateplugin-VirtualCorpus/tags"],
    "blobs_url": ["https://api.github.com/repos/johann-petrak/gateplugin-VirtualCorpus/git/blobs{/sha}"],
    "git_tags_url": ["https://api.github.com/repos/johann-petrak/gateplugin-VirtualCorpus/git/tags{/sha}"],
    "git_refs_url": ["https://api.github.com/repos/johann-petrak/gateplugin-VirtualCorpus/git/refs{/sha}"],
    "trees_url": ["https://api.github.com/repos/johann-petrak/gateplugin-VirtualCorpus/git/trees{/sha}"],
    "statuses_url": ["https://api.github.com/repos/johann-petrak/gateplugin-VirtualCorpus/statuses/{sha}"],
    "languages_url": ["https://api.github.com/repos/johann-petrak/gateplugin-VirtualCorpus/languages"],
    "stargazers_url": ["https://api.github.com/repos/johann-petrak/gateplugin-VirtualCorpus/stargazers"],
    "contributors_url": ["https://api.github.com/repos/johann-petrak/gateplugin-VirtualCorpus/contributors"],
    "subscribers_url": ["https://api.github.com/repos/johann-petrak/gateplugin-VirtualCorpus/subscribers"],
    "subscription_url": ["https://api.github.com/repos/johann-petrak/gateplugin-VirtualCorpus/subscription"],
    "commits_url": ["https://api.github.com/repos/johann-petrak/gateplugin-VirtualCorpus/commits{/sha}"],
    "git_commits_url": ["https://api.github.com/repos/johann-petrak/gateplugin-VirtualCorpus/git/commits{/sha}"],
    "comments_url": ["https://api.github.com/repos/johann-petrak/gateplugin-VirtualCorpus/comments{/number}"],
    "issue_comment_url": ["https://api.github.com/repos/johann-petrak/gateplugin-VirtualCorpus/issues/comments{/number}"],
    "contents_url": ["https://api.github.com/repos/johann-petrak/gateplugin-VirtualCorpus/contents/{+path}"],
    "compare_url": ["https://api.github.com/repos/johann-petrak/gateplugin-VirtualCorpus/compare/{base}...{head}"],
    "merges_url": ["https://api.github.com/repos/johann-petrak/gateplugin-VirtualCorpus/merges"],
    "archive_url": ["https://api.github.com/repos/johann-petrak/gateplugin-VirtualCorpus/{archive_format}{/ref}"],
    "downloads_url": ["https://api.github.com/repos/johann-petrak/gateplugin-VirtualCorpus/downloads"],
    "issues_url": ["https://api.github.com/repos/johann-petrak/gateplugin-VirtualCorpus/issues{/number}"],
    "pulls_url": ["https://api.github.com/repos/johann-petrak/gateplugin-VirtualCorpus/pulls{/number}"],
    "milestones_url": ["https://api.github.com/repos/johann-petrak/gateplugin-VirtualCorpus/milestones{/number}"],
    "notifications_url": ["https://api.github.com/repos/johann-petrak/gateplugin-VirtualCorpus/notifications{?since,all,participating}"],
    "labels_url": ["https://api.github.com/repos/johann-petrak/gateplugin-VirtualCorpus/labels{/name}"],
    "releases_url": ["https://api.github.com/repos/johann-petrak/gateplugin-VirtualCorpus/releases{/id}"],
    "deployments_url": ["https://api.github.com/repos/johann-petrak/gateplugin-VirtualCorpus/deployments"],
    "created_at": ["2014-10-24T15:40:48Z"],
    "updated_at": ["2017-06-26T16:55:18Z"],
    "pushed_at": ["2017-06-26T17:28:32Z"],
    "git_url": ["git://github.com/johann-petrak/gateplugin-VirtualCorpus.git"],
    "ssh_url": ["git@github.com:johann-petrak/gateplugin-VirtualCorpus.git"],
    "clone_url": ["https://github.com/johann-petrak/gateplugin-VirtualCorpus.git"],
    "svn_url": ["https://github.com/johann-petrak/gateplugin-VirtualCorpus"],
    "homepage": {},
    "size": [5587],
    "stargazers_count": [0],
    "watchers_count": [0],
    "language": ["Java"],
    "has_issues": [true],
    "has_projects": [true],
    "has_downloads": [true],
    "has_wiki": [true],
    "has_pages": [false],
    "forks_count": [1],
    "mirror_url": {},
    "archived": [false],
    "disabled": [false],
    "open_issues_count": [1],
    "license": {
      "key": ["lgpl-3.0"],
      "name": ["GNU Lesser General Public License v3.0"],
      "spdx_id": ["LGPL-3.0"],
      "url": ["https://api.github.com/licenses/lgpl-3.0"],
      "node_id": ["MDc6TGljZW5zZTEy"]
    },
    "forks": [1],
    "open_issues": [1],
    "watchers": [0],
    "default_branch": ["master"],
    "permissions": {
      "admin": [false],
      "push": [false],
      "pull": [true]
    }
  }
]
