[
  {
    "id": [17516744],
    "node_id": ["MDEwOlJlcG9zaXRvcnkxNzUxNjc0NA=="],
    "name": ["gateplugin-StringAnnotation"],
    "full_name": ["johann-petrak/gateplugin-StringAnnotation"],
    "private": [false],
    "owner": {
      "login": ["johann-petrak"],
      "id": [619106],
      "node_id": ["MDQ6VXNlcjYxOTEwNg=="],
      "avatar_url": ["https://avatars0.githubusercontent.com/u/619106?v=4"],
      "gravatar_id": [""],
      "url": ["https://api.github.com/users/johann-petrak"],
      "html_url": ["https://github.com/johann-petrak"],
      "followers_url": ["https://api.github.com/users/johann-petrak/followers"],
      "following_url": ["https://api.github.com/users/johann-petrak/following{/other_user}"],
      "gists_url": ["https://api.github.com/users/johann-petrak/gists{/gist_id}"],
      "starred_url": ["https://api.github.com/users/johann-petrak/starred{/owner}{/repo}"],
      "subscriptions_url": ["https://api.github.com/users/johann-petrak/subscriptions"],
      "organizations_url": ["https://api.github.com/users/johann-petrak/orgs"],
      "repos_url": ["https://api.github.com/users/johann-petrak/repos"],
      "events_url": ["https://api.github.com/users/johann-petrak/events{/privacy}"],
      "received_events_url": ["https://api.github.com/users/johann-petrak/received_events"],
      "type": ["User"],
      "site_admin": [false]
    },
    "html_url": ["https://github.com/johann-petrak/gateplugin-StringAnnotation"],
    "description": ["!!! OLD/OUTDATED, use https://github.com/GateNLP/gateplugin-StringAnnotation"],
    "fork": [false],
    "url": ["https://api.github.com/repos/johann-petrak/gateplugin-StringAnnotation"],
    "forks_url": ["https://api.github.com/repos/johann-petrak/gateplugin-StringAnnotation/forks"],
    "keys_url": ["https://api.github.com/repos/johann-petrak/gateplugin-StringAnnotation/keys{/key_id}"],
    "collaborators_url": ["https://api.github.com/repos/johann-petrak/gateplugin-StringAnnotation/collaborators{/collaborator}"],
    "teams_url": ["https://api.github.com/repos/johann-petrak/gateplugin-StringAnnotation/teams"],
    "hooks_url": ["https://api.github.com/repos/johann-petrak/gateplugin-StringAnnotation/hooks"],
    "issue_events_url": ["https://api.github.com/repos/johann-petrak/gateplugin-StringAnnotation/issues/events{/number}"],
    "events_url": ["https://api.github.com/repos/johann-petrak/gateplugin-StringAnnotation/events"],
    "assignees_url": ["https://api.github.com/repos/johann-petrak/gateplugin-StringAnnotation/assignees{/user}"],
    "branches_url": ["https://api.github.com/repos/johann-petrak/gateplugin-StringAnnotation/branches{/branch}"],
    "tags_url": ["https://api.github.com/repos/johann-petrak/gateplugin-StringAnnotation/tags"],
    "blobs_url": ["https://api.github.com/repos/johann-petrak/gateplugin-StringAnnotation/git/blobs{/sha}"],
    "git_tags_url": ["https://api.github.com/repos/johann-petrak/gateplugin-StringAnnotation/git/tags{/sha}"],
    "git_refs_url": ["https://api.github.com/repos/johann-petrak/gateplugin-StringAnnotation/git/refs{/sha}"],
    "trees_url": ["https://api.github.com/repos/johann-petrak/gateplugin-StringAnnotation/git/trees{/sha}"],
    "statuses_url": ["https://api.github.com/repos/johann-petrak/gateplugin-StringAnnotation/statuses/{sha}"],
    "languages_url": ["https://api.github.com/repos/johann-petrak/gateplugin-StringAnnotation/languages"],
    "stargazers_url": ["https://api.github.com/repos/johann-petrak/gateplugin-StringAnnotation/stargazers"],
    "contributors_url": ["https://api.github.com/repos/johann-petrak/gateplugin-StringAnnotation/contributors"],
    "subscribers_url": ["https://api.github.com/repos/johann-petrak/gateplugin-StringAnnotation/subscribers"],
    "subscription_url": ["https://api.github.com/repos/johann-petrak/gateplugin-StringAnnotation/subscription"],
    "commits_url": ["https://api.github.com/repos/johann-petrak/gateplugin-StringAnnotation/commits{/sha}"],
    "git_commits_url": ["https://api.github.com/repos/johann-petrak/gateplugin-StringAnnotation/git/commits{/sha}"],
    "comments_url": ["https://api.github.com/repos/johann-petrak/gateplugin-StringAnnotation/comments{/number}"],
    "issue_comment_url": ["https://api.github.com/repos/johann-petrak/gateplugin-StringAnnotation/issues/comments{/number}"],
    "contents_url": ["https://api.github.com/repos/johann-petrak/gateplugin-StringAnnotation/contents/{+path}"],
    "compare_url": ["https://api.github.com/repos/johann-petrak/gateplugin-StringAnnotation/compare/{base}...{head}"],
    "merges_url": ["https://api.github.com/repos/johann-petrak/gateplugin-StringAnnotation/merges"],
    "archive_url": ["https://api.github.com/repos/johann-petrak/gateplugin-StringAnnotation/{archive_format}{/ref}"],
    "downloads_url": ["https://api.github.com/repos/johann-petrak/gateplugin-StringAnnotation/downloads"],
    "issues_url": ["https://api.github.com/repos/johann-petrak/gateplugin-StringAnnotation/issues{/number}"],
    "pulls_url": ["https://api.github.com/repos/johann-petrak/gateplugin-StringAnnotation/pulls{/number}"],
    "milestones_url": ["https://api.github.com/repos/johann-petrak/gateplugin-StringAnnotation/milestones{/number}"],
    "notifications_url": ["https://api.github.com/repos/johann-petrak/gateplugin-StringAnnotation/notifications{?since,all,participating}"],
    "labels_url": ["https://api.github.com/repos/johann-petrak/gateplugin-StringAnnotation/labels{/name}"],
    "releases_url": ["https://api.github.com/repos/johann-petrak/gateplugin-StringAnnotation/releases{/id}"],
    "deployments_url": ["https://api.github.com/repos/johann-petrak/gateplugin-StringAnnotation/deployments"],
    "created_at": ["2014-03-07T14:41:00Z"],
    "updated_at": ["2018-09-02T22:38:28Z"],
    "pushed_at": ["2018-08-01T14:50:14Z"],
    "git_url": ["git://github.com/johann-petrak/gateplugin-StringAnnotation.git"],
    "ssh_url": ["git@github.com:johann-petrak/gateplugin-StringAnnotation.git"],
    "clone_url": ["https://github.com/johann-petrak/gateplugin-StringAnnotation.git"],
    "svn_url": ["https://github.com/johann-petrak/gateplugin-StringAnnotation"],
    "homepage": [""],
    "size": [22251],
    "stargazers_count": [7],
    "watchers_count": [7],
    "language": ["Java"],
    "has_issues": [true],
    "has_projects": [true],
    "has_downloads": [true],
    "has_wiki": [true],
    "has_pages": [true],
    "forks_count": [1],
    "mirror_url": {},
    "archived": [true],
    "disabled": [false],
    "open_issues_count": [0],
    "license": {
      "key": ["lgpl-2.1"],
      "name": ["GNU Lesser General Public License v2.1"],
      "spdx_id": ["LGPL-2.1"],
      "url": ["https://api.github.com/licenses/lgpl-2.1"],
      "node_id": ["MDc6TGljZW5zZTEx"]
    },
    "forks": [1],
    "open_issues": [0],
    "watchers": [7],
    "default_branch": ["master"],
    "permissions": {
      "admin": [false],
      "push": [false],
      "pull": [true]
    }
  }
]
