[
  {
    "id": [156857567],
    "node_id": ["MDEwOlJlcG9zaXRvcnkxNTY4NTc1Njc="],
    "name": ["Language-Features-for-News"],
    "full_name": ["johann-petrak/Language-Features-for-News"],
    "private": [false],
    "owner": {
      "login": ["johann-petrak"],
      "id": [619106],
      "node_id": ["MDQ6VXNlcjYxOTEwNg=="],
      "avatar_url": ["https://avatars0.githubusercontent.com/u/619106?v=4"],
      "gravatar_id": [""],
      "url": ["https://api.github.com/users/johann-petrak"],
      "html_url": ["https://github.com/johann-petrak"],
      "followers_url": ["https://api.github.com/users/johann-petrak/followers"],
      "following_url": ["https://api.github.com/users/johann-petrak/following{/other_user}"],
      "gists_url": ["https://api.github.com/users/johann-petrak/gists{/gist_id}"],
      "starred_url": ["https://api.github.com/users/johann-petrak/starred{/owner}{/repo}"],
      "subscriptions_url": ["https://api.github.com/users/johann-petrak/subscriptions"],
      "organizations_url": ["https://api.github.com/users/johann-petrak/orgs"],
      "repos_url": ["https://api.github.com/users/johann-petrak/repos"],
      "events_url": ["https://api.github.com/users/johann-petrak/events{/privacy}"],
      "received_events_url": ["https://api.github.com/users/johann-petrak/received_events"],
      "type": ["User"],
      "site_admin": [false]
    },
    "html_url": ["https://github.com/johann-petrak/Language-Features-for-News"],
    "description": ["Language features used in the NELA Toolkit and other news studies"],
    "fork": [true],
    "url": ["https://api.github.com/repos/johann-petrak/Language-Features-for-News"],
    "forks_url": ["https://api.github.com/repos/johann-petrak/Language-Features-for-News/forks"],
    "keys_url": ["https://api.github.com/repos/johann-petrak/Language-Features-for-News/keys{/key_id}"],
    "collaborators_url": ["https://api.github.com/repos/johann-petrak/Language-Features-for-News/collaborators{/collaborator}"],
    "teams_url": ["https://api.github.com/repos/johann-petrak/Language-Features-for-News/teams"],
    "hooks_url": ["https://api.github.com/repos/johann-petrak/Language-Features-for-News/hooks"],
    "issue_events_url": ["https://api.github.com/repos/johann-petrak/Language-Features-for-News/issues/events{/number}"],
    "events_url": ["https://api.github.com/repos/johann-petrak/Language-Features-for-News/events"],
    "assignees_url": ["https://api.github.com/repos/johann-petrak/Language-Features-for-News/assignees{/user}"],
    "branches_url": ["https://api.github.com/repos/johann-petrak/Language-Features-for-News/branches{/branch}"],
    "tags_url": ["https://api.github.com/repos/johann-petrak/Language-Features-for-News/tags"],
    "blobs_url": ["https://api.github.com/repos/johann-petrak/Language-Features-for-News/git/blobs{/sha}"],
    "git_tags_url": ["https://api.github.com/repos/johann-petrak/Language-Features-for-News/git/tags{/sha}"],
    "git_refs_url": ["https://api.github.com/repos/johann-petrak/Language-Features-for-News/git/refs{/sha}"],
    "trees_url": ["https://api.github.com/repos/johann-petrak/Language-Features-for-News/git/trees{/sha}"],
    "statuses_url": ["https://api.github.com/repos/johann-petrak/Language-Features-for-News/statuses/{sha}"],
    "languages_url": ["https://api.github.com/repos/johann-petrak/Language-Features-for-News/languages"],
    "stargazers_url": ["https://api.github.com/repos/johann-petrak/Language-Features-for-News/stargazers"],
    "contributors_url": ["https://api.github.com/repos/johann-petrak/Language-Features-for-News/contributors"],
    "subscribers_url": ["https://api.github.com/repos/johann-petrak/Language-Features-for-News/subscribers"],
    "subscription_url": ["https://api.github.com/repos/johann-petrak/Language-Features-for-News/subscription"],
    "commits_url": ["https://api.github.com/repos/johann-petrak/Language-Features-for-News/commits{/sha}"],
    "git_commits_url": ["https://api.github.com/repos/johann-petrak/Language-Features-for-News/git/commits{/sha}"],
    "comments_url": ["https://api.github.com/repos/johann-petrak/Language-Features-for-News/comments{/number}"],
    "issue_comment_url": ["https://api.github.com/repos/johann-petrak/Language-Features-for-News/issues/comments{/number}"],
    "contents_url": ["https://api.github.com/repos/johann-petrak/Language-Features-for-News/contents/{+path}"],
    "compare_url": ["https://api.github.com/repos/johann-petrak/Language-Features-for-News/compare/{base}...{head}"],
    "merges_url": ["https://api.github.com/repos/johann-petrak/Language-Features-for-News/merges"],
    "archive_url": ["https://api.github.com/repos/johann-petrak/Language-Features-for-News/{archive_format}{/ref}"],
    "downloads_url": ["https://api.github.com/repos/johann-petrak/Language-Features-for-News/downloads"],
    "issues_url": ["https://api.github.com/repos/johann-petrak/Language-Features-for-News/issues{/number}"],
    "pulls_url": ["https://api.github.com/repos/johann-petrak/Language-Features-for-News/pulls{/number}"],
    "milestones_url": ["https://api.github.com/repos/johann-petrak/Language-Features-for-News/milestones{/number}"],
    "notifications_url": ["https://api.github.com/repos/johann-petrak/Language-Features-for-News/notifications{?since,all,participating}"],
    "labels_url": ["https://api.github.com/repos/johann-petrak/Language-Features-for-News/labels{/name}"],
    "releases_url": ["https://api.github.com/repos/johann-petrak/Language-Features-for-News/releases{/id}"],
    "deployments_url": ["https://api.github.com/repos/johann-petrak/Language-Features-for-News/deployments"],
    "created_at": ["2018-11-09T12:12:32Z"],
    "updated_at": ["2018-11-09T12:12:34Z"],
    "pushed_at": ["2018-03-26T23:53:04Z"],
    "git_url": ["git://github.com/johann-petrak/Language-Features-for-News.git"],
    "ssh_url": ["git@github.com:johann-petrak/Language-Features-for-News.git"],
    "clone_url": ["https://github.com/johann-petrak/Language-Features-for-News.git"],
    "svn_url": ["https://github.com/johann-petrak/Language-Features-for-News"],
    "homepage": ["http://nelatoolkit.science"],
    "size": [1488],
    "stargazers_count": [0],
    "watchers_count": [0],
    "language": ["Python"],
    "has_issues": [false],
    "has_projects": [true],
    "has_downloads": [true],
    "has_wiki": [true],
    "has_pages": [false],
    "forks_count": [1],
    "mirror_url": {},
    "archived": [false],
    "disabled": [false],
    "open_issues_count": [0],
    "license": {},
    "forks": [1],
    "open_issues": [0],
    "watchers": [0],
    "default_branch": ["master"],
    "permissions": {
      "admin": [false],
      "push": [false],
      "pull": [true]
    }
  }
]
