[
  {
    "id": [1936034],
    "node_id": ["MDEwOlJlcG9zaXRvcnkxOTM2MDM0"],
    "name": ["johann-petrak.github.com"],
    "full_name": ["johann-petrak/johann-petrak.github.com"],
    "private": [false],
    "owner": {
      "login": ["johann-petrak"],
      "id": [619106],
      "node_id": ["MDQ6VXNlcjYxOTEwNg=="],
      "avatar_url": ["https://avatars0.githubusercontent.com/u/619106?v=4"],
      "gravatar_id": [""],
      "url": ["https://api.github.com/users/johann-petrak"],
      "html_url": ["https://github.com/johann-petrak"],
      "followers_url": ["https://api.github.com/users/johann-petrak/followers"],
      "following_url": ["https://api.github.com/users/johann-petrak/following{/other_user}"],
      "gists_url": ["https://api.github.com/users/johann-petrak/gists{/gist_id}"],
      "starred_url": ["https://api.github.com/users/johann-petrak/starred{/owner}{/repo}"],
      "subscriptions_url": ["https://api.github.com/users/johann-petrak/subscriptions"],
      "organizations_url": ["https://api.github.com/users/johann-petrak/orgs"],
      "repos_url": ["https://api.github.com/users/johann-petrak/repos"],
      "events_url": ["https://api.github.com/users/johann-petrak/events{/privacy}"],
      "received_events_url": ["https://api.github.com/users/johann-petrak/received_events"],
      "type": ["User"],
      "site_admin": [false]
    },
    "html_url": ["https://github.com/johann-petrak/johann-petrak.github.com"],
    "description": ["github user page"],
    "fork": [false],
    "url": ["https://api.github.com/repos/johann-petrak/johann-petrak.github.com"],
    "forks_url": ["https://api.github.com/repos/johann-petrak/johann-petrak.github.com/forks"],
    "keys_url": ["https://api.github.com/repos/johann-petrak/johann-petrak.github.com/keys{/key_id}"],
    "collaborators_url": ["https://api.github.com/repos/johann-petrak/johann-petrak.github.com/collaborators{/collaborator}"],
    "teams_url": ["https://api.github.com/repos/johann-petrak/johann-petrak.github.com/teams"],
    "hooks_url": ["https://api.github.com/repos/johann-petrak/johann-petrak.github.com/hooks"],
    "issue_events_url": ["https://api.github.com/repos/johann-petrak/johann-petrak.github.com/issues/events{/number}"],
    "events_url": ["https://api.github.com/repos/johann-petrak/johann-petrak.github.com/events"],
    "assignees_url": ["https://api.github.com/repos/johann-petrak/johann-petrak.github.com/assignees{/user}"],
    "branches_url": ["https://api.github.com/repos/johann-petrak/johann-petrak.github.com/branches{/branch}"],
    "tags_url": ["https://api.github.com/repos/johann-petrak/johann-petrak.github.com/tags"],
    "blobs_url": ["https://api.github.com/repos/johann-petrak/johann-petrak.github.com/git/blobs{/sha}"],
    "git_tags_url": ["https://api.github.com/repos/johann-petrak/johann-petrak.github.com/git/tags{/sha}"],
    "git_refs_url": ["https://api.github.com/repos/johann-petrak/johann-petrak.github.com/git/refs{/sha}"],
    "trees_url": ["https://api.github.com/repos/johann-petrak/johann-petrak.github.com/git/trees{/sha}"],
    "statuses_url": ["https://api.github.com/repos/johann-petrak/johann-petrak.github.com/statuses/{sha}"],
    "languages_url": ["https://api.github.com/repos/johann-petrak/johann-petrak.github.com/languages"],
    "stargazers_url": ["https://api.github.com/repos/johann-petrak/johann-petrak.github.com/stargazers"],
    "contributors_url": ["https://api.github.com/repos/johann-petrak/johann-petrak.github.com/contributors"],
    "subscribers_url": ["https://api.github.com/repos/johann-petrak/johann-petrak.github.com/subscribers"],
    "subscription_url": ["https://api.github.com/repos/johann-petrak/johann-petrak.github.com/subscription"],
    "commits_url": ["https://api.github.com/repos/johann-petrak/johann-petrak.github.com/commits{/sha}"],
    "git_commits_url": ["https://api.github.com/repos/johann-petrak/johann-petrak.github.com/git/commits{/sha}"],
    "comments_url": ["https://api.github.com/repos/johann-petrak/johann-petrak.github.com/comments{/number}"],
    "issue_comment_url": ["https://api.github.com/repos/johann-petrak/johann-petrak.github.com/issues/comments{/number}"],
    "contents_url": ["https://api.github.com/repos/johann-petrak/johann-petrak.github.com/contents/{+path}"],
    "compare_url": ["https://api.github.com/repos/johann-petrak/johann-petrak.github.com/compare/{base}...{head}"],
    "merges_url": ["https://api.github.com/repos/johann-petrak/johann-petrak.github.com/merges"],
    "archive_url": ["https://api.github.com/repos/johann-petrak/johann-petrak.github.com/{archive_format}{/ref}"],
    "downloads_url": ["https://api.github.com/repos/johann-petrak/johann-petrak.github.com/downloads"],
    "issues_url": ["https://api.github.com/repos/johann-petrak/johann-petrak.github.com/issues{/number}"],
    "pulls_url": ["https://api.github.com/repos/johann-petrak/johann-petrak.github.com/pulls{/number}"],
    "milestones_url": ["https://api.github.com/repos/johann-petrak/johann-petrak.github.com/milestones{/number}"],
    "notifications_url": ["https://api.github.com/repos/johann-petrak/johann-petrak.github.com/notifications{?since,all,participating}"],
    "labels_url": ["https://api.github.com/repos/johann-petrak/johann-petrak.github.com/labels{/name}"],
    "releases_url": ["https://api.github.com/repos/johann-petrak/johann-petrak.github.com/releases{/id}"],
    "deployments_url": ["https://api.github.com/repos/johann-petrak/johann-petrak.github.com/deployments"],
    "created_at": ["2011-06-22T17:06:02Z"],
    "updated_at": ["2019-02-21T11:27:16Z"],
    "pushed_at": ["2019-02-21T11:27:15Z"],
    "git_url": ["git://github.com/johann-petrak/johann-petrak.github.com.git"],
    "ssh_url": ["git@github.com:johann-petrak/johann-petrak.github.com.git"],
    "clone_url": ["https://github.com/johann-petrak/johann-petrak.github.com.git"],
    "svn_url": ["https://github.com/johann-petrak/johann-petrak.github.com"],
    "homepage": [""],
    "size": [897],
    "stargazers_count": [1],
    "watchers_count": [1],
    "language": ["CSS"],
    "has_issues": [false],
    "has_projects": [false],
    "has_downloads": [true],
    "has_wiki": [false],
    "has_pages": [true],
    "forks_count": [0],
    "mirror_url": {},
    "archived": [false],
    "disabled": [false],
    "open_issues_count": [0],
    "license": {},
    "forks": [0],
    "open_issues": [0],
    "watchers": [1],
    "default_branch": ["master"],
    "permissions": {
      "admin": [false],
      "push": [false],
      "pull": [true]
    }
  }
]
