[
  {
    "id": [84084833],
    "node_id": ["MDEwOlJlcG9zaXRvcnk4NDA4NDgzMw=="],
    "name": ["prefixspan-rel"],
    "full_name": ["johann-petrak/prefixspan-rel"],
    "private": [false],
    "owner": {
      "login": ["johann-petrak"],
      "id": [619106],
      "node_id": ["MDQ6VXNlcjYxOTEwNg=="],
      "avatar_url": ["https://avatars0.githubusercontent.com/u/619106?v=4"],
      "gravatar_id": [""],
      "url": ["https://api.github.com/users/johann-petrak"],
      "html_url": ["https://github.com/johann-petrak"],
      "followers_url": ["https://api.github.com/users/johann-petrak/followers"],
      "following_url": ["https://api.github.com/users/johann-petrak/following{/other_user}"],
      "gists_url": ["https://api.github.com/users/johann-petrak/gists{/gist_id}"],
      "starred_url": ["https://api.github.com/users/johann-petrak/starred{/owner}{/repo}"],
      "subscriptions_url": ["https://api.github.com/users/johann-petrak/subscriptions"],
      "organizations_url": ["https://api.github.com/users/johann-petrak/orgs"],
      "repos_url": ["https://api.github.com/users/johann-petrak/repos"],
      "events_url": ["https://api.github.com/users/johann-petrak/events{/privacy}"],
      "received_events_url": ["https://api.github.com/users/johann-petrak/received_events"],
      "type": ["User"],
      "site_admin": [false]
    },
    "html_url": ["https://github.com/johann-petrak/prefixspan-rel"],
    "description": ["Prefixspan, copy from https://ja.osdn.net/projects/prefixspan-rel/"],
    "fork": [false],
    "url": ["https://api.github.com/repos/johann-petrak/prefixspan-rel"],
    "forks_url": ["https://api.github.com/repos/johann-petrak/prefixspan-rel/forks"],
    "keys_url": ["https://api.github.com/repos/johann-petrak/prefixspan-rel/keys{/key_id}"],
    "collaborators_url": ["https://api.github.com/repos/johann-petrak/prefixspan-rel/collaborators{/collaborator}"],
    "teams_url": ["https://api.github.com/repos/johann-petrak/prefixspan-rel/teams"],
    "hooks_url": ["https://api.github.com/repos/johann-petrak/prefixspan-rel/hooks"],
    "issue_events_url": ["https://api.github.com/repos/johann-petrak/prefixspan-rel/issues/events{/number}"],
    "events_url": ["https://api.github.com/repos/johann-petrak/prefixspan-rel/events"],
    "assignees_url": ["https://api.github.com/repos/johann-petrak/prefixspan-rel/assignees{/user}"],
    "branches_url": ["https://api.github.com/repos/johann-petrak/prefixspan-rel/branches{/branch}"],
    "tags_url": ["https://api.github.com/repos/johann-petrak/prefixspan-rel/tags"],
    "blobs_url": ["https://api.github.com/repos/johann-petrak/prefixspan-rel/git/blobs{/sha}"],
    "git_tags_url": ["https://api.github.com/repos/johann-petrak/prefixspan-rel/git/tags{/sha}"],
    "git_refs_url": ["https://api.github.com/repos/johann-petrak/prefixspan-rel/git/refs{/sha}"],
    "trees_url": ["https://api.github.com/repos/johann-petrak/prefixspan-rel/git/trees{/sha}"],
    "statuses_url": ["https://api.github.com/repos/johann-petrak/prefixspan-rel/statuses/{sha}"],
    "languages_url": ["https://api.github.com/repos/johann-petrak/prefixspan-rel/languages"],
    "stargazers_url": ["https://api.github.com/repos/johann-petrak/prefixspan-rel/stargazers"],
    "contributors_url": ["https://api.github.com/repos/johann-petrak/prefixspan-rel/contributors"],
    "subscribers_url": ["https://api.github.com/repos/johann-petrak/prefixspan-rel/subscribers"],
    "subscription_url": ["https://api.github.com/repos/johann-petrak/prefixspan-rel/subscription"],
    "commits_url": ["https://api.github.com/repos/johann-petrak/prefixspan-rel/commits{/sha}"],
    "git_commits_url": ["https://api.github.com/repos/johann-petrak/prefixspan-rel/git/commits{/sha}"],
    "comments_url": ["https://api.github.com/repos/johann-petrak/prefixspan-rel/comments{/number}"],
    "issue_comment_url": ["https://api.github.com/repos/johann-petrak/prefixspan-rel/issues/comments{/number}"],
    "contents_url": ["https://api.github.com/repos/johann-petrak/prefixspan-rel/contents/{+path}"],
    "compare_url": ["https://api.github.com/repos/johann-petrak/prefixspan-rel/compare/{base}...{head}"],
    "merges_url": ["https://api.github.com/repos/johann-petrak/prefixspan-rel/merges"],
    "archive_url": ["https://api.github.com/repos/johann-petrak/prefixspan-rel/{archive_format}{/ref}"],
    "downloads_url": ["https://api.github.com/repos/johann-petrak/prefixspan-rel/downloads"],
    "issues_url": ["https://api.github.com/repos/johann-petrak/prefixspan-rel/issues{/number}"],
    "pulls_url": ["https://api.github.com/repos/johann-petrak/prefixspan-rel/pulls{/number}"],
    "milestones_url": ["https://api.github.com/repos/johann-petrak/prefixspan-rel/milestones{/number}"],
    "notifications_url": ["https://api.github.com/repos/johann-petrak/prefixspan-rel/notifications{?since,all,participating}"],
    "labels_url": ["https://api.github.com/repos/johann-petrak/prefixspan-rel/labels{/name}"],
    "releases_url": ["https://api.github.com/repos/johann-petrak/prefixspan-rel/releases{/id}"],
    "deployments_url": ["https://api.github.com/repos/johann-petrak/prefixspan-rel/deployments"],
    "created_at": ["2017-03-06T14:47:26Z"],
    "updated_at": ["2017-12-11T13:14:57Z"],
    "pushed_at": ["2017-03-06T15:15:30Z"],
    "git_url": ["git://github.com/johann-petrak/prefixspan-rel.git"],
    "ssh_url": ["git@github.com:johann-petrak/prefixspan-rel.git"],
    "clone_url": ["https://github.com/johann-petrak/prefixspan-rel.git"],
    "svn_url": ["https://github.com/johann-petrak/prefixspan-rel"],
    "homepage": {},
    "size": [118],
    "stargazers_count": [1],
    "watchers_count": [1],
    "language": ["C++"],
    "has_issues": [true],
    "has_projects": [true],
    "has_downloads": [true],
    "has_wiki": [true],
    "has_pages": [false],
    "forks_count": [0],
    "mirror_url": {},
    "archived": [false],
    "disabled": [false],
    "open_issues_count": [0],
    "license": {
      "key": ["gpl-2.0"],
      "name": ["GNU General Public License v2.0"],
      "spdx_id": ["GPL-2.0"],
      "url": ["https://api.github.com/licenses/gpl-2.0"],
      "node_id": ["MDc6TGljZW5zZTg="]
    },
    "forks": [0],
    "open_issues": [0],
    "watchers": [1],
    "default_branch": ["master"],
    "permissions": {
      "admin": [false],
      "push": [false],
      "pull": [true]
    }
  }
]
