[
  {
    "id": [80750307],
    "node_id": ["MDEwOlJlcG9zaXRvcnk4MDc1MDMwNw=="],
    "name": ["evaluation-lemmatizer"],
    "full_name": ["johann-petrak/evaluation-lemmatizer"],
    "private": [false],
    "owner": {
      "login": ["johann-petrak"],
      "id": [619106],
      "node_id": ["MDQ6VXNlcjYxOTEwNg=="],
      "avatar_url": ["https://avatars0.githubusercontent.com/u/619106?v=4"],
      "gravatar_id": [""],
      "url": ["https://api.github.com/users/johann-petrak"],
      "html_url": ["https://github.com/johann-petrak"],
      "followers_url": ["https://api.github.com/users/johann-petrak/followers"],
      "following_url": ["https://api.github.com/users/johann-petrak/following{/other_user}"],
      "gists_url": ["https://api.github.com/users/johann-petrak/gists{/gist_id}"],
      "starred_url": ["https://api.github.com/users/johann-petrak/starred{/owner}{/repo}"],
      "subscriptions_url": ["https://api.github.com/users/johann-petrak/subscriptions"],
      "organizations_url": ["https://api.github.com/users/johann-petrak/orgs"],
      "repos_url": ["https://api.github.com/users/johann-petrak/repos"],
      "events_url": ["https://api.github.com/users/johann-petrak/events{/privacy}"],
      "received_events_url": ["https://api.github.com/users/johann-petrak/received_events"],
      "type": ["User"],
      "site_admin": [false]
    },
    "html_url": ["https://github.com/johann-petrak/evaluation-lemmatizer"],
    "description": ["Tools and pipelines for evaluating the GATE Lemmatizer plugin"],
    "fork": [false],
    "url": ["https://api.github.com/repos/johann-petrak/evaluation-lemmatizer"],
    "forks_url": ["https://api.github.com/repos/johann-petrak/evaluation-lemmatizer/forks"],
    "keys_url": ["https://api.github.com/repos/johann-petrak/evaluation-lemmatizer/keys{/key_id}"],
    "collaborators_url": ["https://api.github.com/repos/johann-petrak/evaluation-lemmatizer/collaborators{/collaborator}"],
    "teams_url": ["https://api.github.com/repos/johann-petrak/evaluation-lemmatizer/teams"],
    "hooks_url": ["https://api.github.com/repos/johann-petrak/evaluation-lemmatizer/hooks"],
    "issue_events_url": ["https://api.github.com/repos/johann-petrak/evaluation-lemmatizer/issues/events{/number}"],
    "events_url": ["https://api.github.com/repos/johann-petrak/evaluation-lemmatizer/events"],
    "assignees_url": ["https://api.github.com/repos/johann-petrak/evaluation-lemmatizer/assignees{/user}"],
    "branches_url": ["https://api.github.com/repos/johann-petrak/evaluation-lemmatizer/branches{/branch}"],
    "tags_url": ["https://api.github.com/repos/johann-petrak/evaluation-lemmatizer/tags"],
    "blobs_url": ["https://api.github.com/repos/johann-petrak/evaluation-lemmatizer/git/blobs{/sha}"],
    "git_tags_url": ["https://api.github.com/repos/johann-petrak/evaluation-lemmatizer/git/tags{/sha}"],
    "git_refs_url": ["https://api.github.com/repos/johann-petrak/evaluation-lemmatizer/git/refs{/sha}"],
    "trees_url": ["https://api.github.com/repos/johann-petrak/evaluation-lemmatizer/git/trees{/sha}"],
    "statuses_url": ["https://api.github.com/repos/johann-petrak/evaluation-lemmatizer/statuses/{sha}"],
    "languages_url": ["https://api.github.com/repos/johann-petrak/evaluation-lemmatizer/languages"],
    "stargazers_url": ["https://api.github.com/repos/johann-petrak/evaluation-lemmatizer/stargazers"],
    "contributors_url": ["https://api.github.com/repos/johann-petrak/evaluation-lemmatizer/contributors"],
    "subscribers_url": ["https://api.github.com/repos/johann-petrak/evaluation-lemmatizer/subscribers"],
    "subscription_url": ["https://api.github.com/repos/johann-petrak/evaluation-lemmatizer/subscription"],
    "commits_url": ["https://api.github.com/repos/johann-petrak/evaluation-lemmatizer/commits{/sha}"],
    "git_commits_url": ["https://api.github.com/repos/johann-petrak/evaluation-lemmatizer/git/commits{/sha}"],
    "comments_url": ["https://api.github.com/repos/johann-petrak/evaluation-lemmatizer/comments{/number}"],
    "issue_comment_url": ["https://api.github.com/repos/johann-petrak/evaluation-lemmatizer/issues/comments{/number}"],
    "contents_url": ["https://api.github.com/repos/johann-petrak/evaluation-lemmatizer/contents/{+path}"],
    "compare_url": ["https://api.github.com/repos/johann-petrak/evaluation-lemmatizer/compare/{base}...{head}"],
    "merges_url": ["https://api.github.com/repos/johann-petrak/evaluation-lemmatizer/merges"],
    "archive_url": ["https://api.github.com/repos/johann-petrak/evaluation-lemmatizer/{archive_format}{/ref}"],
    "downloads_url": ["https://api.github.com/repos/johann-petrak/evaluation-lemmatizer/downloads"],
    "issues_url": ["https://api.github.com/repos/johann-petrak/evaluation-lemmatizer/issues{/number}"],
    "pulls_url": ["https://api.github.com/repos/johann-petrak/evaluation-lemmatizer/pulls{/number}"],
    "milestones_url": ["https://api.github.com/repos/johann-petrak/evaluation-lemmatizer/milestones{/number}"],
    "notifications_url": ["https://api.github.com/repos/johann-petrak/evaluation-lemmatizer/notifications{?since,all,participating}"],
    "labels_url": ["https://api.github.com/repos/johann-petrak/evaluation-lemmatizer/labels{/name}"],
    "releases_url": ["https://api.github.com/repos/johann-petrak/evaluation-lemmatizer/releases{/id}"],
    "deployments_url": ["https://api.github.com/repos/johann-petrak/evaluation-lemmatizer/deployments"],
    "created_at": ["2017-02-02T17:34:07Z"],
    "updated_at": ["2017-04-30T23:27:25Z"],
    "pushed_at": ["2017-04-30T23:32:26Z"],
    "git_url": ["git://github.com/johann-petrak/evaluation-lemmatizer.git"],
    "ssh_url": ["git@github.com:johann-petrak/evaluation-lemmatizer.git"],
    "clone_url": ["https://github.com/johann-petrak/evaluation-lemmatizer.git"],
    "svn_url": ["https://github.com/johann-petrak/evaluation-lemmatizer"],
    "homepage": {},
    "size": [64842],
    "stargazers_count": [0],
    "watchers_count": [0],
    "language": ["Shell"],
    "has_issues": [true],
    "has_projects": [true],
    "has_downloads": [true],
    "has_wiki": [true],
    "has_pages": [false],
    "forks_count": [0],
    "mirror_url": {},
    "archived": [false],
    "disabled": [false],
    "open_issues_count": [0],
    "license": {
      "key": ["gpl-3.0"],
      "name": ["GNU General Public License v3.0"],
      "spdx_id": ["GPL-3.0"],
      "url": ["https://api.github.com/licenses/gpl-3.0"],
      "node_id": ["MDc6TGljZW5zZTk="]
    },
    "forks": [0],
    "open_issues": [0],
    "watchers": [0],
    "default_branch": ["master"],
    "permissions": {
      "admin": [false],
      "push": [false],
      "pull": [true]
    }
  }
]
