[
  {
    "id": [121544727],
    "node_id": ["MDEwOlJlcG9zaXRvcnkxMjE1NDQ3Mjc="],
    "name": ["gcForest"],
    "full_name": ["johann-petrak/gcForest"],
    "private": [false],
    "owner": {
      "login": ["johann-petrak"],
      "id": [619106],
      "node_id": ["MDQ6VXNlcjYxOTEwNg=="],
      "avatar_url": ["https://avatars0.githubusercontent.com/u/619106?v=4"],
      "gravatar_id": [""],
      "url": ["https://api.github.com/users/johann-petrak"],
      "html_url": ["https://github.com/johann-petrak"],
      "followers_url": ["https://api.github.com/users/johann-petrak/followers"],
      "following_url": ["https://api.github.com/users/johann-petrak/following{/other_user}"],
      "gists_url": ["https://api.github.com/users/johann-petrak/gists{/gist_id}"],
      "starred_url": ["https://api.github.com/users/johann-petrak/starred{/owner}{/repo}"],
      "subscriptions_url": ["https://api.github.com/users/johann-petrak/subscriptions"],
      "organizations_url": ["https://api.github.com/users/johann-petrak/orgs"],
      "repos_url": ["https://api.github.com/users/johann-petrak/repos"],
      "events_url": ["https://api.github.com/users/johann-petrak/events{/privacy}"],
      "received_events_url": ["https://api.github.com/users/johann-petrak/received_events"],
      "type": ["User"],
      "site_admin": [false]
    },
    "html_url": ["https://github.com/johann-petrak/gcForest"],
    "description": ["This is the official implementation for the paper 'Deep forest: Towards an alternative to deep neural networks'"],
    "fork": [true],
    "url": ["https://api.github.com/repos/johann-petrak/gcForest"],
    "forks_url": ["https://api.github.com/repos/johann-petrak/gcForest/forks"],
    "keys_url": ["https://api.github.com/repos/johann-petrak/gcForest/keys{/key_id}"],
    "collaborators_url": ["https://api.github.com/repos/johann-petrak/gcForest/collaborators{/collaborator}"],
    "teams_url": ["https://api.github.com/repos/johann-petrak/gcForest/teams"],
    "hooks_url": ["https://api.github.com/repos/johann-petrak/gcForest/hooks"],
    "issue_events_url": ["https://api.github.com/repos/johann-petrak/gcForest/issues/events{/number}"],
    "events_url": ["https://api.github.com/repos/johann-petrak/gcForest/events"],
    "assignees_url": ["https://api.github.com/repos/johann-petrak/gcForest/assignees{/user}"],
    "branches_url": ["https://api.github.com/repos/johann-petrak/gcForest/branches{/branch}"],
    "tags_url": ["https://api.github.com/repos/johann-petrak/gcForest/tags"],
    "blobs_url": ["https://api.github.com/repos/johann-petrak/gcForest/git/blobs{/sha}"],
    "git_tags_url": ["https://api.github.com/repos/johann-petrak/gcForest/git/tags{/sha}"],
    "git_refs_url": ["https://api.github.com/repos/johann-petrak/gcForest/git/refs{/sha}"],
    "trees_url": ["https://api.github.com/repos/johann-petrak/gcForest/git/trees{/sha}"],
    "statuses_url": ["https://api.github.com/repos/johann-petrak/gcForest/statuses/{sha}"],
    "languages_url": ["https://api.github.com/repos/johann-petrak/gcForest/languages"],
    "stargazers_url": ["https://api.github.com/repos/johann-petrak/gcForest/stargazers"],
    "contributors_url": ["https://api.github.com/repos/johann-petrak/gcForest/contributors"],
    "subscribers_url": ["https://api.github.com/repos/johann-petrak/gcForest/subscribers"],
    "subscription_url": ["https://api.github.com/repos/johann-petrak/gcForest/subscription"],
    "commits_url": ["https://api.github.com/repos/johann-petrak/gcForest/commits{/sha}"],
    "git_commits_url": ["https://api.github.com/repos/johann-petrak/gcForest/git/commits{/sha}"],
    "comments_url": ["https://api.github.com/repos/johann-petrak/gcForest/comments{/number}"],
    "issue_comment_url": ["https://api.github.com/repos/johann-petrak/gcForest/issues/comments{/number}"],
    "contents_url": ["https://api.github.com/repos/johann-petrak/gcForest/contents/{+path}"],
    "compare_url": ["https://api.github.com/repos/johann-petrak/gcForest/compare/{base}...{head}"],
    "merges_url": ["https://api.github.com/repos/johann-petrak/gcForest/merges"],
    "archive_url": ["https://api.github.com/repos/johann-petrak/gcForest/{archive_format}{/ref}"],
    "downloads_url": ["https://api.github.com/repos/johann-petrak/gcForest/downloads"],
    "issues_url": ["https://api.github.com/repos/johann-petrak/gcForest/issues{/number}"],
    "pulls_url": ["https://api.github.com/repos/johann-petrak/gcForest/pulls{/number}"],
    "milestones_url": ["https://api.github.com/repos/johann-petrak/gcForest/milestones{/number}"],
    "notifications_url": ["https://api.github.com/repos/johann-petrak/gcForest/notifications{?since,all,participating}"],
    "labels_url": ["https://api.github.com/repos/johann-petrak/gcForest/labels{/name}"],
    "releases_url": ["https://api.github.com/repos/johann-petrak/gcForest/releases{/id}"],
    "deployments_url": ["https://api.github.com/repos/johann-petrak/gcForest/deployments"],
    "created_at": ["2018-02-14T18:17:43Z"],
    "updated_at": ["2018-02-14T18:17:45Z"],
    "pushed_at": ["2018-02-05T15:49:47Z"],
    "git_url": ["git://github.com/johann-petrak/gcForest.git"],
    "ssh_url": ["git@github.com:johann-petrak/gcForest.git"],
    "clone_url": ["https://github.com/johann-petrak/gcForest.git"],
    "svn_url": ["https://github.com/johann-petrak/gcForest"],
    "homepage": ["http://lamda.nju.edu.cn/code_gcForest.ashx"],
    "size": [110],
    "stargazers_count": [0],
    "watchers_count": [0],
    "language": ["Python"],
    "has_issues": [false],
    "has_projects": [true],
    "has_downloads": [true],
    "has_wiki": [true],
    "has_pages": [false],
    "forks_count": [1],
    "mirror_url": {},
    "archived": [false],
    "disabled": [false],
    "open_issues_count": [0],
    "license": {},
    "forks": [1],
    "open_issues": [0],
    "watchers": [0],
    "default_branch": ["master"],
    "permissions": {
      "admin": [false],
      "push": [false],
      "pull": [true]
    }
  }
]
