[
  {
    "id": [121545436],
    "node_id": ["MDEwOlJlcG9zaXRvcnkxMjE1NDU0MzY="],
    "name": ["DeepForest"],
    "full_name": ["johann-petrak/DeepForest"],
    "private": [false],
    "owner": {
      "login": ["johann-petrak"],
      "id": [619106],
      "node_id": ["MDQ6VXNlcjYxOTEwNg=="],
      "avatar_url": ["https://avatars0.githubusercontent.com/u/619106?v=4"],
      "gravatar_id": [""],
      "url": ["https://api.github.com/users/johann-petrak"],
      "html_url": ["https://github.com/johann-petrak"],
      "followers_url": ["https://api.github.com/users/johann-petrak/followers"],
      "following_url": ["https://api.github.com/users/johann-petrak/following{/other_user}"],
      "gists_url": ["https://api.github.com/users/johann-petrak/gists{/gist_id}"],
      "starred_url": ["https://api.github.com/users/johann-petrak/starred{/owner}{/repo}"],
      "subscriptions_url": ["https://api.github.com/users/johann-petrak/subscriptions"],
      "organizations_url": ["https://api.github.com/users/johann-petrak/orgs"],
      "repos_url": ["https://api.github.com/users/johann-petrak/repos"],
      "events_url": ["https://api.github.com/users/johann-petrak/events{/privacy}"],
      "received_events_url": ["https://api.github.com/users/johann-petrak/received_events"],
      "type": ["User"],
      "site_admin": [false]
    },
    "html_url": ["https://github.com/johann-petrak/DeepForest"],
    "description": ["Official upgrade version of gcForest."],
    "fork": [true],
    "url": ["https://api.github.com/repos/johann-petrak/DeepForest"],
    "forks_url": ["https://api.github.com/repos/johann-petrak/DeepForest/forks"],
    "keys_url": ["https://api.github.com/repos/johann-petrak/DeepForest/keys{/key_id}"],
    "collaborators_url": ["https://api.github.com/repos/johann-petrak/DeepForest/collaborators{/collaborator}"],
    "teams_url": ["https://api.github.com/repos/johann-petrak/DeepForest/teams"],
    "hooks_url": ["https://api.github.com/repos/johann-petrak/DeepForest/hooks"],
    "issue_events_url": ["https://api.github.com/repos/johann-petrak/DeepForest/issues/events{/number}"],
    "events_url": ["https://api.github.com/repos/johann-petrak/DeepForest/events"],
    "assignees_url": ["https://api.github.com/repos/johann-petrak/DeepForest/assignees{/user}"],
    "branches_url": ["https://api.github.com/repos/johann-petrak/DeepForest/branches{/branch}"],
    "tags_url": ["https://api.github.com/repos/johann-petrak/DeepForest/tags"],
    "blobs_url": ["https://api.github.com/repos/johann-petrak/DeepForest/git/blobs{/sha}"],
    "git_tags_url": ["https://api.github.com/repos/johann-petrak/DeepForest/git/tags{/sha}"],
    "git_refs_url": ["https://api.github.com/repos/johann-petrak/DeepForest/git/refs{/sha}"],
    "trees_url": ["https://api.github.com/repos/johann-petrak/DeepForest/git/trees{/sha}"],
    "statuses_url": ["https://api.github.com/repos/johann-petrak/DeepForest/statuses/{sha}"],
    "languages_url": ["https://api.github.com/repos/johann-petrak/DeepForest/languages"],
    "stargazers_url": ["https://api.github.com/repos/johann-petrak/DeepForest/stargazers"],
    "contributors_url": ["https://api.github.com/repos/johann-petrak/DeepForest/contributors"],
    "subscribers_url": ["https://api.github.com/repos/johann-petrak/DeepForest/subscribers"],
    "subscription_url": ["https://api.github.com/repos/johann-petrak/DeepForest/subscription"],
    "commits_url": ["https://api.github.com/repos/johann-petrak/DeepForest/commits{/sha}"],
    "git_commits_url": ["https://api.github.com/repos/johann-petrak/DeepForest/git/commits{/sha}"],
    "comments_url": ["https://api.github.com/repos/johann-petrak/DeepForest/comments{/number}"],
    "issue_comment_url": ["https://api.github.com/repos/johann-petrak/DeepForest/issues/comments{/number}"],
    "contents_url": ["https://api.github.com/repos/johann-petrak/DeepForest/contents/{+path}"],
    "compare_url": ["https://api.github.com/repos/johann-petrak/DeepForest/compare/{base}...{head}"],
    "merges_url": ["https://api.github.com/repos/johann-petrak/DeepForest/merges"],
    "archive_url": ["https://api.github.com/repos/johann-petrak/DeepForest/{archive_format}{/ref}"],
    "downloads_url": ["https://api.github.com/repos/johann-petrak/DeepForest/downloads"],
    "issues_url": ["https://api.github.com/repos/johann-petrak/DeepForest/issues{/number}"],
    "pulls_url": ["https://api.github.com/repos/johann-petrak/DeepForest/pulls{/number}"],
    "milestones_url": ["https://api.github.com/repos/johann-petrak/DeepForest/milestones{/number}"],
    "notifications_url": ["https://api.github.com/repos/johann-petrak/DeepForest/notifications{?since,all,participating}"],
    "labels_url": ["https://api.github.com/repos/johann-petrak/DeepForest/labels{/name}"],
    "releases_url": ["https://api.github.com/repos/johann-petrak/DeepForest/releases{/id}"],
    "deployments_url": ["https://api.github.com/repos/johann-petrak/DeepForest/deployments"],
    "created_at": ["2018-02-14T18:24:43Z"],
    "updated_at": ["2018-02-14T18:24:44Z"],
    "pushed_at": ["2017-10-31T08:47:53Z"],
    "git_url": ["git://github.com/johann-petrak/DeepForest.git"],
    "ssh_url": ["git@github.com:johann-petrak/DeepForest.git"],
    "clone_url": ["https://github.com/johann-petrak/DeepForest.git"],
    "svn_url": ["https://github.com/johann-petrak/DeepForest"],
    "homepage": {},
    "size": [310],
    "stargazers_count": [0],
    "watchers_count": [0],
    "language": ["Python"],
    "has_issues": [false],
    "has_projects": [true],
    "has_downloads": [true],
    "has_wiki": [true],
    "has_pages": [false],
    "forks_count": [0],
    "mirror_url": {},
    "archived": [false],
    "disabled": [false],
    "open_issues_count": [0],
    "license": {},
    "forks": [0],
    "open_issues": [0],
    "watchers": [0],
    "default_branch": ["master"],
    "permissions": {
      "admin": [false],
      "push": [false],
      "pull": [true]
    }
  }
]
