[
  {
    "id": [158550278],
    "node_id": ["MDEwOlJlcG9zaXRvcnkxNTg1NTAyNzg="],
    "name": ["reading_group"],
    "full_name": ["johann-petrak/reading_group"],
    "private": [false],
    "owner": {
      "login": ["johann-petrak"],
      "id": [619106],
      "node_id": ["MDQ6VXNlcjYxOTEwNg=="],
      "avatar_url": ["https://avatars0.githubusercontent.com/u/619106?v=4"],
      "gravatar_id": [""],
      "url": ["https://api.github.com/users/johann-petrak"],
      "html_url": ["https://github.com/johann-petrak"],
      "followers_url": ["https://api.github.com/users/johann-petrak/followers"],
      "following_url": ["https://api.github.com/users/johann-petrak/following{/other_user}"],
      "gists_url": ["https://api.github.com/users/johann-petrak/gists{/gist_id}"],
      "starred_url": ["https://api.github.com/users/johann-petrak/starred{/owner}{/repo}"],
      "subscriptions_url": ["https://api.github.com/users/johann-petrak/subscriptions"],
      "organizations_url": ["https://api.github.com/users/johann-petrak/orgs"],
      "repos_url": ["https://api.github.com/users/johann-petrak/repos"],
      "events_url": ["https://api.github.com/users/johann-petrak/events{/privacy}"],
      "received_events_url": ["https://api.github.com/users/johann-petrak/received_events"],
      "type": ["User"],
      "site_admin": [false]
    },
    "html_url": ["https://github.com/johann-petrak/reading_group"],
    "description": {},
    "fork": [true],
    "url": ["https://api.github.com/repos/johann-petrak/reading_group"],
    "forks_url": ["https://api.github.com/repos/johann-petrak/reading_group/forks"],
    "keys_url": ["https://api.github.com/repos/johann-petrak/reading_group/keys{/key_id}"],
    "collaborators_url": ["https://api.github.com/repos/johann-petrak/reading_group/collaborators{/collaborator}"],
    "teams_url": ["https://api.github.com/repos/johann-petrak/reading_group/teams"],
    "hooks_url": ["https://api.github.com/repos/johann-petrak/reading_group/hooks"],
    "issue_events_url": ["https://api.github.com/repos/johann-petrak/reading_group/issues/events{/number}"],
    "events_url": ["https://api.github.com/repos/johann-petrak/reading_group/events"],
    "assignees_url": ["https://api.github.com/repos/johann-petrak/reading_group/assignees{/user}"],
    "branches_url": ["https://api.github.com/repos/johann-petrak/reading_group/branches{/branch}"],
    "tags_url": ["https://api.github.com/repos/johann-petrak/reading_group/tags"],
    "blobs_url": ["https://api.github.com/repos/johann-petrak/reading_group/git/blobs{/sha}"],
    "git_tags_url": ["https://api.github.com/repos/johann-petrak/reading_group/git/tags{/sha}"],
    "git_refs_url": ["https://api.github.com/repos/johann-petrak/reading_group/git/refs{/sha}"],
    "trees_url": ["https://api.github.com/repos/johann-petrak/reading_group/git/trees{/sha}"],
    "statuses_url": ["https://api.github.com/repos/johann-petrak/reading_group/statuses/{sha}"],
    "languages_url": ["https://api.github.com/repos/johann-petrak/reading_group/languages"],
    "stargazers_url": ["https://api.github.com/repos/johann-petrak/reading_group/stargazers"],
    "contributors_url": ["https://api.github.com/repos/johann-petrak/reading_group/contributors"],
    "subscribers_url": ["https://api.github.com/repos/johann-petrak/reading_group/subscribers"],
    "subscription_url": ["https://api.github.com/repos/johann-petrak/reading_group/subscription"],
    "commits_url": ["https://api.github.com/repos/johann-petrak/reading_group/commits{/sha}"],
    "git_commits_url": ["https://api.github.com/repos/johann-petrak/reading_group/git/commits{/sha}"],
    "comments_url": ["https://api.github.com/repos/johann-petrak/reading_group/comments{/number}"],
    "issue_comment_url": ["https://api.github.com/repos/johann-petrak/reading_group/issues/comments{/number}"],
    "contents_url": ["https://api.github.com/repos/johann-petrak/reading_group/contents/{+path}"],
    "compare_url": ["https://api.github.com/repos/johann-petrak/reading_group/compare/{base}...{head}"],
    "merges_url": ["https://api.github.com/repos/johann-petrak/reading_group/merges"],
    "archive_url": ["https://api.github.com/repos/johann-petrak/reading_group/{archive_format}{/ref}"],
    "downloads_url": ["https://api.github.com/repos/johann-petrak/reading_group/downloads"],
    "issues_url": ["https://api.github.com/repos/johann-petrak/reading_group/issues{/number}"],
    "pulls_url": ["https://api.github.com/repos/johann-petrak/reading_group/pulls{/number}"],
    "milestones_url": ["https://api.github.com/repos/johann-petrak/reading_group/milestones{/number}"],
    "notifications_url": ["https://api.github.com/repos/johann-petrak/reading_group/notifications{?since,all,participating}"],
    "labels_url": ["https://api.github.com/repos/johann-petrak/reading_group/labels{/name}"],
    "releases_url": ["https://api.github.com/repos/johann-petrak/reading_group/releases{/id}"],
    "deployments_url": ["https://api.github.com/repos/johann-petrak/reading_group/deployments"],
    "created_at": ["2018-11-21T13:14:03Z"],
    "updated_at": ["2018-11-21T13:14:06Z"],
    "pushed_at": ["2018-11-21T13:22:07Z"],
    "git_url": ["git://github.com/johann-petrak/reading_group.git"],
    "ssh_url": ["git@github.com:johann-petrak/reading_group.git"],
    "clone_url": ["https://github.com/johann-petrak/reading_group.git"],
    "svn_url": ["https://github.com/johann-petrak/reading_group"],
    "homepage": {},
    "size": [46],
    "stargazers_count": [0],
    "watchers_count": [0],
    "language": {},
    "has_issues": [false],
    "has_projects": [true],
    "has_downloads": [true],
    "has_wiki": [true],
    "has_pages": [false],
    "forks_count": [0],
    "mirror_url": {},
    "archived": [false],
    "disabled": [false],
    "open_issues_count": [0],
    "license": {},
    "forks": [0],
    "open_issues": [0],
    "watchers": [0],
    "default_branch": ["master"],
    "permissions": {
      "admin": [false],
      "push": [false],
      "pull": [true]
    }
  }
]
