[
  {
    "id": [80640360],
    "node_id": ["MDEwOlJlcG9zaXRvcnk4MDY0MDM2MA=="],
    "name": ["commons-cli"],
    "full_name": ["johann-petrak/commons-cli"],
    "private": [false],
    "owner": {
      "login": ["johann-petrak"],
      "id": [619106],
      "node_id": ["MDQ6VXNlcjYxOTEwNg=="],
      "avatar_url": ["https://avatars0.githubusercontent.com/u/619106?v=4"],
      "gravatar_id": [""],
      "url": ["https://api.github.com/users/johann-petrak"],
      "html_url": ["https://github.com/johann-petrak"],
      "followers_url": ["https://api.github.com/users/johann-petrak/followers"],
      "following_url": ["https://api.github.com/users/johann-petrak/following{/other_user}"],
      "gists_url": ["https://api.github.com/users/johann-petrak/gists{/gist_id}"],
      "starred_url": ["https://api.github.com/users/johann-petrak/starred{/owner}{/repo}"],
      "subscriptions_url": ["https://api.github.com/users/johann-petrak/subscriptions"],
      "organizations_url": ["https://api.github.com/users/johann-petrak/orgs"],
      "repos_url": ["https://api.github.com/users/johann-petrak/repos"],
      "events_url": ["https://api.github.com/users/johann-petrak/events{/privacy}"],
      "received_events_url": ["https://api.github.com/users/johann-petrak/received_events"],
      "type": ["User"],
      "site_admin": [false]
    },
    "html_url": ["https://github.com/johann-petrak/commons-cli"],
    "description": ["A modified version of Apache Commons CLI"],
    "fork": [false],
    "url": ["https://api.github.com/repos/johann-petrak/commons-cli"],
    "forks_url": ["https://api.github.com/repos/johann-petrak/commons-cli/forks"],
    "keys_url": ["https://api.github.com/repos/johann-petrak/commons-cli/keys{/key_id}"],
    "collaborators_url": ["https://api.github.com/repos/johann-petrak/commons-cli/collaborators{/collaborator}"],
    "teams_url": ["https://api.github.com/repos/johann-petrak/commons-cli/teams"],
    "hooks_url": ["https://api.github.com/repos/johann-petrak/commons-cli/hooks"],
    "issue_events_url": ["https://api.github.com/repos/johann-petrak/commons-cli/issues/events{/number}"],
    "events_url": ["https://api.github.com/repos/johann-petrak/commons-cli/events"],
    "assignees_url": ["https://api.github.com/repos/johann-petrak/commons-cli/assignees{/user}"],
    "branches_url": ["https://api.github.com/repos/johann-petrak/commons-cli/branches{/branch}"],
    "tags_url": ["https://api.github.com/repos/johann-petrak/commons-cli/tags"],
    "blobs_url": ["https://api.github.com/repos/johann-petrak/commons-cli/git/blobs{/sha}"],
    "git_tags_url": ["https://api.github.com/repos/johann-petrak/commons-cli/git/tags{/sha}"],
    "git_refs_url": ["https://api.github.com/repos/johann-petrak/commons-cli/git/refs{/sha}"],
    "trees_url": ["https://api.github.com/repos/johann-petrak/commons-cli/git/trees{/sha}"],
    "statuses_url": ["https://api.github.com/repos/johann-petrak/commons-cli/statuses/{sha}"],
    "languages_url": ["https://api.github.com/repos/johann-petrak/commons-cli/languages"],
    "stargazers_url": ["https://api.github.com/repos/johann-petrak/commons-cli/stargazers"],
    "contributors_url": ["https://api.github.com/repos/johann-petrak/commons-cli/contributors"],
    "subscribers_url": ["https://api.github.com/repos/johann-petrak/commons-cli/subscribers"],
    "subscription_url": ["https://api.github.com/repos/johann-petrak/commons-cli/subscription"],
    "commits_url": ["https://api.github.com/repos/johann-petrak/commons-cli/commits{/sha}"],
    "git_commits_url": ["https://api.github.com/repos/johann-petrak/commons-cli/git/commits{/sha}"],
    "comments_url": ["https://api.github.com/repos/johann-petrak/commons-cli/comments{/number}"],
    "issue_comment_url": ["https://api.github.com/repos/johann-petrak/commons-cli/issues/comments{/number}"],
    "contents_url": ["https://api.github.com/repos/johann-petrak/commons-cli/contents/{+path}"],
    "compare_url": ["https://api.github.com/repos/johann-petrak/commons-cli/compare/{base}...{head}"],
    "merges_url": ["https://api.github.com/repos/johann-petrak/commons-cli/merges"],
    "archive_url": ["https://api.github.com/repos/johann-petrak/commons-cli/{archive_format}{/ref}"],
    "downloads_url": ["https://api.github.com/repos/johann-petrak/commons-cli/downloads"],
    "issues_url": ["https://api.github.com/repos/johann-petrak/commons-cli/issues{/number}"],
    "pulls_url": ["https://api.github.com/repos/johann-petrak/commons-cli/pulls{/number}"],
    "milestones_url": ["https://api.github.com/repos/johann-petrak/commons-cli/milestones{/number}"],
    "notifications_url": ["https://api.github.com/repos/johann-petrak/commons-cli/notifications{?since,all,participating}"],
    "labels_url": ["https://api.github.com/repos/johann-petrak/commons-cli/labels{/name}"],
    "releases_url": ["https://api.github.com/repos/johann-petrak/commons-cli/releases{/id}"],
    "deployments_url": ["https://api.github.com/repos/johann-petrak/commons-cli/deployments"],
    "created_at": ["2017-02-01T16:39:29Z"],
    "updated_at": ["2017-02-01T16:40:24Z"],
    "pushed_at": ["2017-02-01T16:52:11Z"],
    "git_url": ["git://github.com/johann-petrak/commons-cli.git"],
    "ssh_url": ["git@github.com:johann-petrak/commons-cli.git"],
    "clone_url": ["https://github.com/johann-petrak/commons-cli.git"],
    "svn_url": ["https://github.com/johann-petrak/commons-cli"],
    "homepage": {},
    "size": [191],
    "stargazers_count": [0],
    "watchers_count": [0],
    "language": ["Java"],
    "has_issues": [true],
    "has_projects": [true],
    "has_downloads": [true],
    "has_wiki": [true],
    "has_pages": [false],
    "forks_count": [0],
    "mirror_url": {},
    "archived": [false],
    "disabled": [false],
    "open_issues_count": [0],
    "license": {
      "key": ["apache-2.0"],
      "name": ["Apache License 2.0"],
      "spdx_id": ["Apache-2.0"],
      "url": ["https://api.github.com/licenses/apache-2.0"],
      "node_id": ["MDc6TGljZW5zZTI="]
    },
    "forks": [0],
    "open_issues": [0],
    "watchers": [0],
    "default_branch": ["master"],
    "permissions": {
      "admin": [false],
      "push": [false],
      "pull": [true]
    }
  }
]
