[
  {
    "id": [152716279],
    "node_id": ["MDEwOlJlcG9zaXRvcnkxNTI3MTYyNzk="],
    "name": ["gensim"],
    "full_name": ["johann-petrak/gensim"],
    "private": [false],
    "owner": {
      "login": ["johann-petrak"],
      "id": [619106],
      "node_id": ["MDQ6VXNlcjYxOTEwNg=="],
      "avatar_url": ["https://avatars0.githubusercontent.com/u/619106?v=4"],
      "gravatar_id": [""],
      "url": ["https://api.github.com/users/johann-petrak"],
      "html_url": ["https://github.com/johann-petrak"],
      "followers_url": ["https://api.github.com/users/johann-petrak/followers"],
      "following_url": ["https://api.github.com/users/johann-petrak/following{/other_user}"],
      "gists_url": ["https://api.github.com/users/johann-petrak/gists{/gist_id}"],
      "starred_url": ["https://api.github.com/users/johann-petrak/starred{/owner}{/repo}"],
      "subscriptions_url": ["https://api.github.com/users/johann-petrak/subscriptions"],
      "organizations_url": ["https://api.github.com/users/johann-petrak/orgs"],
      "repos_url": ["https://api.github.com/users/johann-petrak/repos"],
      "events_url": ["https://api.github.com/users/johann-petrak/events{/privacy}"],
      "received_events_url": ["https://api.github.com/users/johann-petrak/received_events"],
      "type": ["User"],
      "site_admin": [false]
    },
    "html_url": ["https://github.com/johann-petrak/gensim"],
    "description": ["Topic Modelling for Humans"],
    "fork": [true],
    "url": ["https://api.github.com/repos/johann-petrak/gensim"],
    "forks_url": ["https://api.github.com/repos/johann-petrak/gensim/forks"],
    "keys_url": ["https://api.github.com/repos/johann-petrak/gensim/keys{/key_id}"],
    "collaborators_url": ["https://api.github.com/repos/johann-petrak/gensim/collaborators{/collaborator}"],
    "teams_url": ["https://api.github.com/repos/johann-petrak/gensim/teams"],
    "hooks_url": ["https://api.github.com/repos/johann-petrak/gensim/hooks"],
    "issue_events_url": ["https://api.github.com/repos/johann-petrak/gensim/issues/events{/number}"],
    "events_url": ["https://api.github.com/repos/johann-petrak/gensim/events"],
    "assignees_url": ["https://api.github.com/repos/johann-petrak/gensim/assignees{/user}"],
    "branches_url": ["https://api.github.com/repos/johann-petrak/gensim/branches{/branch}"],
    "tags_url": ["https://api.github.com/repos/johann-petrak/gensim/tags"],
    "blobs_url": ["https://api.github.com/repos/johann-petrak/gensim/git/blobs{/sha}"],
    "git_tags_url": ["https://api.github.com/repos/johann-petrak/gensim/git/tags{/sha}"],
    "git_refs_url": ["https://api.github.com/repos/johann-petrak/gensim/git/refs{/sha}"],
    "trees_url": ["https://api.github.com/repos/johann-petrak/gensim/git/trees{/sha}"],
    "statuses_url": ["https://api.github.com/repos/johann-petrak/gensim/statuses/{sha}"],
    "languages_url": ["https://api.github.com/repos/johann-petrak/gensim/languages"],
    "stargazers_url": ["https://api.github.com/repos/johann-petrak/gensim/stargazers"],
    "contributors_url": ["https://api.github.com/repos/johann-petrak/gensim/contributors"],
    "subscribers_url": ["https://api.github.com/repos/johann-petrak/gensim/subscribers"],
    "subscription_url": ["https://api.github.com/repos/johann-petrak/gensim/subscription"],
    "commits_url": ["https://api.github.com/repos/johann-petrak/gensim/commits{/sha}"],
    "git_commits_url": ["https://api.github.com/repos/johann-petrak/gensim/git/commits{/sha}"],
    "comments_url": ["https://api.github.com/repos/johann-petrak/gensim/comments{/number}"],
    "issue_comment_url": ["https://api.github.com/repos/johann-petrak/gensim/issues/comments{/number}"],
    "contents_url": ["https://api.github.com/repos/johann-petrak/gensim/contents/{+path}"],
    "compare_url": ["https://api.github.com/repos/johann-petrak/gensim/compare/{base}...{head}"],
    "merges_url": ["https://api.github.com/repos/johann-petrak/gensim/merges"],
    "archive_url": ["https://api.github.com/repos/johann-petrak/gensim/{archive_format}{/ref}"],
    "downloads_url": ["https://api.github.com/repos/johann-petrak/gensim/downloads"],
    "issues_url": ["https://api.github.com/repos/johann-petrak/gensim/issues{/number}"],
    "pulls_url": ["https://api.github.com/repos/johann-petrak/gensim/pulls{/number}"],
    "milestones_url": ["https://api.github.com/repos/johann-petrak/gensim/milestones{/number}"],
    "notifications_url": ["https://api.github.com/repos/johann-petrak/gensim/notifications{?since,all,participating}"],
    "labels_url": ["https://api.github.com/repos/johann-petrak/gensim/labels{/name}"],
    "releases_url": ["https://api.github.com/repos/johann-petrak/gensim/releases{/id}"],
    "deployments_url": ["https://api.github.com/repos/johann-petrak/gensim/deployments"],
    "created_at": ["2018-10-12T08:10:41Z"],
    "updated_at": ["2018-10-16T10:14:17Z"],
    "pushed_at": ["2018-10-16T11:03:04Z"],
    "git_url": ["git://github.com/johann-petrak/gensim.git"],
    "ssh_url": ["git@github.com:johann-petrak/gensim.git"],
    "clone_url": ["https://github.com/johann-petrak/gensim.git"],
    "svn_url": ["https://github.com/johann-petrak/gensim"],
    "homepage": [""],
    "size": [63517],
    "stargazers_count": [0],
    "watchers_count": [0],
    "language": ["Python"],
    "has_issues": [false],
    "has_projects": [true],
    "has_downloads": [true],
    "has_wiki": [true],
    "has_pages": [false],
    "forks_count": [1],
    "mirror_url": {},
    "archived": [false],
    "disabled": [false],
    "open_issues_count": [0],
    "license": {
      "key": ["lgpl-2.1"],
      "name": ["GNU Lesser General Public License v2.1"],
      "spdx_id": ["LGPL-2.1"],
      "url": ["https://api.github.com/licenses/lgpl-2.1"],
      "node_id": ["MDc6TGljZW5zZTEx"]
    },
    "forks": [1],
    "open_issues": [0],
    "watchers": [0],
    "default_branch": ["develop"],
    "permissions": {
      "admin": [false],
      "push": [false],
      "pull": [true]
    }
  }
]
