[
  {
    "id": [93956828],
    "node_id": ["MDEwOlJlcG9zaXRvcnk5Mzk1NjgyOA=="],
    "name": ["python-sparsevectors"],
    "full_name": ["johann-petrak/python-sparsevectors"],
    "private": [false],
    "owner": {
      "login": ["johann-petrak"],
      "id": [619106],
      "node_id": ["MDQ6VXNlcjYxOTEwNg=="],
      "avatar_url": ["https://avatars0.githubusercontent.com/u/619106?v=4"],
      "gravatar_id": [""],
      "url": ["https://api.github.com/users/johann-petrak"],
      "html_url": ["https://github.com/johann-petrak"],
      "followers_url": ["https://api.github.com/users/johann-petrak/followers"],
      "following_url": ["https://api.github.com/users/johann-petrak/following{/other_user}"],
      "gists_url": ["https://api.github.com/users/johann-petrak/gists{/gist_id}"],
      "starred_url": ["https://api.github.com/users/johann-petrak/starred{/owner}{/repo}"],
      "subscriptions_url": ["https://api.github.com/users/johann-petrak/subscriptions"],
      "organizations_url": ["https://api.github.com/users/johann-petrak/orgs"],
      "repos_url": ["https://api.github.com/users/johann-petrak/repos"],
      "events_url": ["https://api.github.com/users/johann-petrak/events{/privacy}"],
      "received_events_url": ["https://api.github.com/users/johann-petrak/received_events"],
      "type": ["User"],
      "site_admin": [false]
    },
    "html_url": ["https://github.com/johann-petrak/python-sparsevectors"],
    "description": ["A simple fast sparse vectors module based on defaultdict(float)"],
    "fork": [false],
    "url": ["https://api.github.com/repos/johann-petrak/python-sparsevectors"],
    "forks_url": ["https://api.github.com/repos/johann-petrak/python-sparsevectors/forks"],
    "keys_url": ["https://api.github.com/repos/johann-petrak/python-sparsevectors/keys{/key_id}"],
    "collaborators_url": ["https://api.github.com/repos/johann-petrak/python-sparsevectors/collaborators{/collaborator}"],
    "teams_url": ["https://api.github.com/repos/johann-petrak/python-sparsevectors/teams"],
    "hooks_url": ["https://api.github.com/repos/johann-petrak/python-sparsevectors/hooks"],
    "issue_events_url": ["https://api.github.com/repos/johann-petrak/python-sparsevectors/issues/events{/number}"],
    "events_url": ["https://api.github.com/repos/johann-petrak/python-sparsevectors/events"],
    "assignees_url": ["https://api.github.com/repos/johann-petrak/python-sparsevectors/assignees{/user}"],
    "branches_url": ["https://api.github.com/repos/johann-petrak/python-sparsevectors/branches{/branch}"],
    "tags_url": ["https://api.github.com/repos/johann-petrak/python-sparsevectors/tags"],
    "blobs_url": ["https://api.github.com/repos/johann-petrak/python-sparsevectors/git/blobs{/sha}"],
    "git_tags_url": ["https://api.github.com/repos/johann-petrak/python-sparsevectors/git/tags{/sha}"],
    "git_refs_url": ["https://api.github.com/repos/johann-petrak/python-sparsevectors/git/refs{/sha}"],
    "trees_url": ["https://api.github.com/repos/johann-petrak/python-sparsevectors/git/trees{/sha}"],
    "statuses_url": ["https://api.github.com/repos/johann-petrak/python-sparsevectors/statuses/{sha}"],
    "languages_url": ["https://api.github.com/repos/johann-petrak/python-sparsevectors/languages"],
    "stargazers_url": ["https://api.github.com/repos/johann-petrak/python-sparsevectors/stargazers"],
    "contributors_url": ["https://api.github.com/repos/johann-petrak/python-sparsevectors/contributors"],
    "subscribers_url": ["https://api.github.com/repos/johann-petrak/python-sparsevectors/subscribers"],
    "subscription_url": ["https://api.github.com/repos/johann-petrak/python-sparsevectors/subscription"],
    "commits_url": ["https://api.github.com/repos/johann-petrak/python-sparsevectors/commits{/sha}"],
    "git_commits_url": ["https://api.github.com/repos/johann-petrak/python-sparsevectors/git/commits{/sha}"],
    "comments_url": ["https://api.github.com/repos/johann-petrak/python-sparsevectors/comments{/number}"],
    "issue_comment_url": ["https://api.github.com/repos/johann-petrak/python-sparsevectors/issues/comments{/number}"],
    "contents_url": ["https://api.github.com/repos/johann-petrak/python-sparsevectors/contents/{+path}"],
    "compare_url": ["https://api.github.com/repos/johann-petrak/python-sparsevectors/compare/{base}...{head}"],
    "merges_url": ["https://api.github.com/repos/johann-petrak/python-sparsevectors/merges"],
    "archive_url": ["https://api.github.com/repos/johann-petrak/python-sparsevectors/{archive_format}{/ref}"],
    "downloads_url": ["https://api.github.com/repos/johann-petrak/python-sparsevectors/downloads"],
    "issues_url": ["https://api.github.com/repos/johann-petrak/python-sparsevectors/issues{/number}"],
    "pulls_url": ["https://api.github.com/repos/johann-petrak/python-sparsevectors/pulls{/number}"],
    "milestones_url": ["https://api.github.com/repos/johann-petrak/python-sparsevectors/milestones{/number}"],
    "notifications_url": ["https://api.github.com/repos/johann-petrak/python-sparsevectors/notifications{?since,all,participating}"],
    "labels_url": ["https://api.github.com/repos/johann-petrak/python-sparsevectors/labels{/name}"],
    "releases_url": ["https://api.github.com/repos/johann-petrak/python-sparsevectors/releases{/id}"],
    "deployments_url": ["https://api.github.com/repos/johann-petrak/python-sparsevectors/deployments"],
    "created_at": ["2017-06-10T18:02:38Z"],
    "updated_at": ["2017-07-24T17:52:51Z"],
    "pushed_at": ["2017-06-14T16:30:35Z"],
    "git_url": ["git://github.com/johann-petrak/python-sparsevectors.git"],
    "ssh_url": ["git@github.com:johann-petrak/python-sparsevectors.git"],
    "clone_url": ["https://github.com/johann-petrak/python-sparsevectors.git"],
    "svn_url": ["https://github.com/johann-petrak/python-sparsevectors"],
    "homepage": {},
    "size": [13],
    "stargazers_count": [1],
    "watchers_count": [1],
    "language": ["C"],
    "has_issues": [true],
    "has_projects": [true],
    "has_downloads": [true],
    "has_wiki": [true],
    "has_pages": [false],
    "forks_count": [0],
    "mirror_url": {},
    "archived": [false],
    "disabled": [false],
    "open_issues_count": [0],
    "license": {
      "key": ["other"],
      "name": ["Other"],
      "spdx_id": ["NOASSERTION"],
      "url": {},
      "node_id": ["MDc6TGljZW5zZTA="]
    },
    "forks": [0],
    "open_issues": [0],
    "watchers": [1],
    "default_branch": ["master"],
    "permissions": {
      "admin": [false],
      "push": [false],
      "pull": [true]
    }
  }
]
