[
  {
    "id": [178818077],
    "node_id": ["MDEwOlJlcG9zaXRvcnkxNzg4MTgwNzc="],
    "name": ["gate-notes"],
    "full_name": ["johann-petrak/gate-notes"],
    "private": [false],
    "owner": {
      "login": ["johann-petrak"],
      "id": [619106],
      "node_id": ["MDQ6VXNlcjYxOTEwNg=="],
      "avatar_url": ["https://avatars0.githubusercontent.com/u/619106?v=4"],
      "gravatar_id": [""],
      "url": ["https://api.github.com/users/johann-petrak"],
      "html_url": ["https://github.com/johann-petrak"],
      "followers_url": ["https://api.github.com/users/johann-petrak/followers"],
      "following_url": ["https://api.github.com/users/johann-petrak/following{/other_user}"],
      "gists_url": ["https://api.github.com/users/johann-petrak/gists{/gist_id}"],
      "starred_url": ["https://api.github.com/users/johann-petrak/starred{/owner}{/repo}"],
      "subscriptions_url": ["https://api.github.com/users/johann-petrak/subscriptions"],
      "organizations_url": ["https://api.github.com/users/johann-petrak/orgs"],
      "repos_url": ["https://api.github.com/users/johann-petrak/repos"],
      "events_url": ["https://api.github.com/users/johann-petrak/events{/privacy}"],
      "received_events_url": ["https://api.github.com/users/johann-petrak/received_events"],
      "type": ["User"],
      "site_admin": [false]
    },
    "html_url": ["https://github.com/johann-petrak/gate-notes"],
    "description": ["Various notes about GATE "],
    "fork": [false],
    "url": ["https://api.github.com/repos/johann-petrak/gate-notes"],
    "forks_url": ["https://api.github.com/repos/johann-petrak/gate-notes/forks"],
    "keys_url": ["https://api.github.com/repos/johann-petrak/gate-notes/keys{/key_id}"],
    "collaborators_url": ["https://api.github.com/repos/johann-petrak/gate-notes/collaborators{/collaborator}"],
    "teams_url": ["https://api.github.com/repos/johann-petrak/gate-notes/teams"],
    "hooks_url": ["https://api.github.com/repos/johann-petrak/gate-notes/hooks"],
    "issue_events_url": ["https://api.github.com/repos/johann-petrak/gate-notes/issues/events{/number}"],
    "events_url": ["https://api.github.com/repos/johann-petrak/gate-notes/events"],
    "assignees_url": ["https://api.github.com/repos/johann-petrak/gate-notes/assignees{/user}"],
    "branches_url": ["https://api.github.com/repos/johann-petrak/gate-notes/branches{/branch}"],
    "tags_url": ["https://api.github.com/repos/johann-petrak/gate-notes/tags"],
    "blobs_url": ["https://api.github.com/repos/johann-petrak/gate-notes/git/blobs{/sha}"],
    "git_tags_url": ["https://api.github.com/repos/johann-petrak/gate-notes/git/tags{/sha}"],
    "git_refs_url": ["https://api.github.com/repos/johann-petrak/gate-notes/git/refs{/sha}"],
    "trees_url": ["https://api.github.com/repos/johann-petrak/gate-notes/git/trees{/sha}"],
    "statuses_url": ["https://api.github.com/repos/johann-petrak/gate-notes/statuses/{sha}"],
    "languages_url": ["https://api.github.com/repos/johann-petrak/gate-notes/languages"],
    "stargazers_url": ["https://api.github.com/repos/johann-petrak/gate-notes/stargazers"],
    "contributors_url": ["https://api.github.com/repos/johann-petrak/gate-notes/contributors"],
    "subscribers_url": ["https://api.github.com/repos/johann-petrak/gate-notes/subscribers"],
    "subscription_url": ["https://api.github.com/repos/johann-petrak/gate-notes/subscription"],
    "commits_url": ["https://api.github.com/repos/johann-petrak/gate-notes/commits{/sha}"],
    "git_commits_url": ["https://api.github.com/repos/johann-petrak/gate-notes/git/commits{/sha}"],
    "comments_url": ["https://api.github.com/repos/johann-petrak/gate-notes/comments{/number}"],
    "issue_comment_url": ["https://api.github.com/repos/johann-petrak/gate-notes/issues/comments{/number}"],
    "contents_url": ["https://api.github.com/repos/johann-petrak/gate-notes/contents/{+path}"],
    "compare_url": ["https://api.github.com/repos/johann-petrak/gate-notes/compare/{base}...{head}"],
    "merges_url": ["https://api.github.com/repos/johann-petrak/gate-notes/merges"],
    "archive_url": ["https://api.github.com/repos/johann-petrak/gate-notes/{archive_format}{/ref}"],
    "downloads_url": ["https://api.github.com/repos/johann-petrak/gate-notes/downloads"],
    "issues_url": ["https://api.github.com/repos/johann-petrak/gate-notes/issues{/number}"],
    "pulls_url": ["https://api.github.com/repos/johann-petrak/gate-notes/pulls{/number}"],
    "milestones_url": ["https://api.github.com/repos/johann-petrak/gate-notes/milestones{/number}"],
    "notifications_url": ["https://api.github.com/repos/johann-petrak/gate-notes/notifications{?since,all,participating}"],
    "labels_url": ["https://api.github.com/repos/johann-petrak/gate-notes/labels{/name}"],
    "releases_url": ["https://api.github.com/repos/johann-petrak/gate-notes/releases{/id}"],
    "deployments_url": ["https://api.github.com/repos/johann-petrak/gate-notes/deployments"],
    "created_at": ["2019-04-01T08:23:15Z"],
    "updated_at": ["2019-04-01T09:48:23Z"],
    "pushed_at": ["2019-04-01T09:48:21Z"],
    "git_url": ["git://github.com/johann-petrak/gate-notes.git"],
    "ssh_url": ["git@github.com:johann-petrak/gate-notes.git"],
    "clone_url": ["https://github.com/johann-petrak/gate-notes.git"],
    "svn_url": ["https://github.com/johann-petrak/gate-notes"],
    "homepage": {},
    "size": [4],
    "stargazers_count": [0],
    "watchers_count": [0],
    "language": ["Jupyter Notebook"],
    "has_issues": [true],
    "has_projects": [true],
    "has_downloads": [true],
    "has_wiki": [true],
    "has_pages": [false],
    "forks_count": [0],
    "mirror_url": {},
    "archived": [false],
    "disabled": [false],
    "open_issues_count": [0],
    "license": {
      "key": ["bsd-3-clause"],
      "name": ["BSD 3-Clause \"New\" or \"Revised\" License"],
      "spdx_id": ["BSD-3-Clause"],
      "url": ["https://api.github.com/licenses/bsd-3-clause"],
      "node_id": ["MDc6TGljZW5zZTU="]
    },
    "forks": [0],
    "open_issues": [0],
    "watchers": [0],
    "default_branch": ["master"],
    "permissions": {
      "admin": [false],
      "push": [false],
      "pull": [true]
    }
  }
]
