[
  {
    "id": [113198466],
    "node_id": ["MDEwOlJlcG9zaXRvcnkxMTMxOTg0NjY="],
    "name": ["gate-convert-misc"],
    "full_name": ["johann-petrak/gate-convert-misc"],
    "private": [false],
    "owner": {
      "login": ["johann-petrak"],
      "id": [619106],
      "node_id": ["MDQ6VXNlcjYxOTEwNg=="],
      "avatar_url": ["https://avatars0.githubusercontent.com/u/619106?v=4"],
      "gravatar_id": [""],
      "url": ["https://api.github.com/users/johann-petrak"],
      "html_url": ["https://github.com/johann-petrak"],
      "followers_url": ["https://api.github.com/users/johann-petrak/followers"],
      "following_url": ["https://api.github.com/users/johann-petrak/following{/other_user}"],
      "gists_url": ["https://api.github.com/users/johann-petrak/gists{/gist_id}"],
      "starred_url": ["https://api.github.com/users/johann-petrak/starred{/owner}{/repo}"],
      "subscriptions_url": ["https://api.github.com/users/johann-petrak/subscriptions"],
      "organizations_url": ["https://api.github.com/users/johann-petrak/orgs"],
      "repos_url": ["https://api.github.com/users/johann-petrak/repos"],
      "events_url": ["https://api.github.com/users/johann-petrak/events{/privacy}"],
      "received_events_url": ["https://api.github.com/users/johann-petrak/received_events"],
      "type": ["User"],
      "site_admin": [false]
    },
    "html_url": ["https://github.com/johann-petrak/gate-convert-misc"],
    "description": ["Various converters for specific corpora to GATE format"],
    "fork": [false],
    "url": ["https://api.github.com/repos/johann-petrak/gate-convert-misc"],
    "forks_url": ["https://api.github.com/repos/johann-petrak/gate-convert-misc/forks"],
    "keys_url": ["https://api.github.com/repos/johann-petrak/gate-convert-misc/keys{/key_id}"],
    "collaborators_url": ["https://api.github.com/repos/johann-petrak/gate-convert-misc/collaborators{/collaborator}"],
    "teams_url": ["https://api.github.com/repos/johann-petrak/gate-convert-misc/teams"],
    "hooks_url": ["https://api.github.com/repos/johann-petrak/gate-convert-misc/hooks"],
    "issue_events_url": ["https://api.github.com/repos/johann-petrak/gate-convert-misc/issues/events{/number}"],
    "events_url": ["https://api.github.com/repos/johann-petrak/gate-convert-misc/events"],
    "assignees_url": ["https://api.github.com/repos/johann-petrak/gate-convert-misc/assignees{/user}"],
    "branches_url": ["https://api.github.com/repos/johann-petrak/gate-convert-misc/branches{/branch}"],
    "tags_url": ["https://api.github.com/repos/johann-petrak/gate-convert-misc/tags"],
    "blobs_url": ["https://api.github.com/repos/johann-petrak/gate-convert-misc/git/blobs{/sha}"],
    "git_tags_url": ["https://api.github.com/repos/johann-petrak/gate-convert-misc/git/tags{/sha}"],
    "git_refs_url": ["https://api.github.com/repos/johann-petrak/gate-convert-misc/git/refs{/sha}"],
    "trees_url": ["https://api.github.com/repos/johann-petrak/gate-convert-misc/git/trees{/sha}"],
    "statuses_url": ["https://api.github.com/repos/johann-petrak/gate-convert-misc/statuses/{sha}"],
    "languages_url": ["https://api.github.com/repos/johann-petrak/gate-convert-misc/languages"],
    "stargazers_url": ["https://api.github.com/repos/johann-petrak/gate-convert-misc/stargazers"],
    "contributors_url": ["https://api.github.com/repos/johann-petrak/gate-convert-misc/contributors"],
    "subscribers_url": ["https://api.github.com/repos/johann-petrak/gate-convert-misc/subscribers"],
    "subscription_url": ["https://api.github.com/repos/johann-petrak/gate-convert-misc/subscription"],
    "commits_url": ["https://api.github.com/repos/johann-petrak/gate-convert-misc/commits{/sha}"],
    "git_commits_url": ["https://api.github.com/repos/johann-petrak/gate-convert-misc/git/commits{/sha}"],
    "comments_url": ["https://api.github.com/repos/johann-petrak/gate-convert-misc/comments{/number}"],
    "issue_comment_url": ["https://api.github.com/repos/johann-petrak/gate-convert-misc/issues/comments{/number}"],
    "contents_url": ["https://api.github.com/repos/johann-petrak/gate-convert-misc/contents/{+path}"],
    "compare_url": ["https://api.github.com/repos/johann-petrak/gate-convert-misc/compare/{base}...{head}"],
    "merges_url": ["https://api.github.com/repos/johann-petrak/gate-convert-misc/merges"],
    "archive_url": ["https://api.github.com/repos/johann-petrak/gate-convert-misc/{archive_format}{/ref}"],
    "downloads_url": ["https://api.github.com/repos/johann-petrak/gate-convert-misc/downloads"],
    "issues_url": ["https://api.github.com/repos/johann-petrak/gate-convert-misc/issues{/number}"],
    "pulls_url": ["https://api.github.com/repos/johann-petrak/gate-convert-misc/pulls{/number}"],
    "milestones_url": ["https://api.github.com/repos/johann-petrak/gate-convert-misc/milestones{/number}"],
    "notifications_url": ["https://api.github.com/repos/johann-petrak/gate-convert-misc/notifications{?since,all,participating}"],
    "labels_url": ["https://api.github.com/repos/johann-petrak/gate-convert-misc/labels{/name}"],
    "releases_url": ["https://api.github.com/repos/johann-petrak/gate-convert-misc/releases{/id}"],
    "deployments_url": ["https://api.github.com/repos/johann-petrak/gate-convert-misc/deployments"],
    "created_at": ["2017-12-05T15:20:54Z"],
    "updated_at": ["2017-12-05T15:22:35Z"],
    "pushed_at": ["2017-12-05T15:22:34Z"],
    "git_url": ["git://github.com/johann-petrak/gate-convert-misc.git"],
    "ssh_url": ["git@github.com:johann-petrak/gate-convert-misc.git"],
    "clone_url": ["https://github.com/johann-petrak/gate-convert-misc.git"],
    "svn_url": ["https://github.com/johann-petrak/gate-convert-misc"],
    "homepage": {},
    "size": [9],
    "stargazers_count": [0],
    "watchers_count": [0],
    "language": ["Groovy"],
    "has_issues": [true],
    "has_projects": [true],
    "has_downloads": [true],
    "has_wiki": [true],
    "has_pages": [false],
    "forks_count": [0],
    "mirror_url": {},
    "archived": [false],
    "disabled": [false],
    "open_issues_count": [0],
    "license": {
      "key": ["apache-2.0"],
      "name": ["Apache License 2.0"],
      "spdx_id": ["Apache-2.0"],
      "url": ["https://api.github.com/licenses/apache-2.0"],
      "node_id": ["MDc6TGljZW5zZTI="]
    },
    "forks": [0],
    "open_issues": [0],
    "watchers": [0],
    "default_branch": ["master"],
    "permissions": {
      "admin": [false],
      "push": [false],
      "pull": [true]
    }
  }
]
