[
  {
    "id": [80740060],
    "node_id": ["MDEwOlJlcG9zaXRvcnk4MDc0MDA2MA=="],
    "name": ["gatetool-runpipeline"],
    "full_name": ["johann-petrak/gatetool-runpipeline"],
    "private": [false],
    "owner": {
      "login": ["johann-petrak"],
      "id": [619106],
      "node_id": ["MDQ6VXNlcjYxOTEwNg=="],
      "avatar_url": ["https://avatars0.githubusercontent.com/u/619106?v=4"],
      "gravatar_id": [""],
      "url": ["https://api.github.com/users/johann-petrak"],
      "html_url": ["https://github.com/johann-petrak"],
      "followers_url": ["https://api.github.com/users/johann-petrak/followers"],
      "following_url": ["https://api.github.com/users/johann-petrak/following{/other_user}"],
      "gists_url": ["https://api.github.com/users/johann-petrak/gists{/gist_id}"],
      "starred_url": ["https://api.github.com/users/johann-petrak/starred{/owner}{/repo}"],
      "subscriptions_url": ["https://api.github.com/users/johann-petrak/subscriptions"],
      "organizations_url": ["https://api.github.com/users/johann-petrak/orgs"],
      "repos_url": ["https://api.github.com/users/johann-petrak/repos"],
      "events_url": ["https://api.github.com/users/johann-petrak/events{/privacy}"],
      "received_events_url": ["https://api.github.com/users/johann-petrak/received_events"],
      "type": ["User"],
      "site_admin": [false]
    },
    "html_url": ["https://github.com/johann-petrak/gatetool-runpipeline"],
    "description": ["A command line tool for GATE for running a pipeline on documents in a directory"],
    "fork": [false],
    "url": ["https://api.github.com/repos/johann-petrak/gatetool-runpipeline"],
    "forks_url": ["https://api.github.com/repos/johann-petrak/gatetool-runpipeline/forks"],
    "keys_url": ["https://api.github.com/repos/johann-petrak/gatetool-runpipeline/keys{/key_id}"],
    "collaborators_url": ["https://api.github.com/repos/johann-petrak/gatetool-runpipeline/collaborators{/collaborator}"],
    "teams_url": ["https://api.github.com/repos/johann-petrak/gatetool-runpipeline/teams"],
    "hooks_url": ["https://api.github.com/repos/johann-petrak/gatetool-runpipeline/hooks"],
    "issue_events_url": ["https://api.github.com/repos/johann-petrak/gatetool-runpipeline/issues/events{/number}"],
    "events_url": ["https://api.github.com/repos/johann-petrak/gatetool-runpipeline/events"],
    "assignees_url": ["https://api.github.com/repos/johann-petrak/gatetool-runpipeline/assignees{/user}"],
    "branches_url": ["https://api.github.com/repos/johann-petrak/gatetool-runpipeline/branches{/branch}"],
    "tags_url": ["https://api.github.com/repos/johann-petrak/gatetool-runpipeline/tags"],
    "blobs_url": ["https://api.github.com/repos/johann-petrak/gatetool-runpipeline/git/blobs{/sha}"],
    "git_tags_url": ["https://api.github.com/repos/johann-petrak/gatetool-runpipeline/git/tags{/sha}"],
    "git_refs_url": ["https://api.github.com/repos/johann-petrak/gatetool-runpipeline/git/refs{/sha}"],
    "trees_url": ["https://api.github.com/repos/johann-petrak/gatetool-runpipeline/git/trees{/sha}"],
    "statuses_url": ["https://api.github.com/repos/johann-petrak/gatetool-runpipeline/statuses/{sha}"],
    "languages_url": ["https://api.github.com/repos/johann-petrak/gatetool-runpipeline/languages"],
    "stargazers_url": ["https://api.github.com/repos/johann-petrak/gatetool-runpipeline/stargazers"],
    "contributors_url": ["https://api.github.com/repos/johann-petrak/gatetool-runpipeline/contributors"],
    "subscribers_url": ["https://api.github.com/repos/johann-petrak/gatetool-runpipeline/subscribers"],
    "subscription_url": ["https://api.github.com/repos/johann-petrak/gatetool-runpipeline/subscription"],
    "commits_url": ["https://api.github.com/repos/johann-petrak/gatetool-runpipeline/commits{/sha}"],
    "git_commits_url": ["https://api.github.com/repos/johann-petrak/gatetool-runpipeline/git/commits{/sha}"],
    "comments_url": ["https://api.github.com/repos/johann-petrak/gatetool-runpipeline/comments{/number}"],
    "issue_comment_url": ["https://api.github.com/repos/johann-petrak/gatetool-runpipeline/issues/comments{/number}"],
    "contents_url": ["https://api.github.com/repos/johann-petrak/gatetool-runpipeline/contents/{+path}"],
    "compare_url": ["https://api.github.com/repos/johann-petrak/gatetool-runpipeline/compare/{base}...{head}"],
    "merges_url": ["https://api.github.com/repos/johann-petrak/gatetool-runpipeline/merges"],
    "archive_url": ["https://api.github.com/repos/johann-petrak/gatetool-runpipeline/{archive_format}{/ref}"],
    "downloads_url": ["https://api.github.com/repos/johann-petrak/gatetool-runpipeline/downloads"],
    "issues_url": ["https://api.github.com/repos/johann-petrak/gatetool-runpipeline/issues{/number}"],
    "pulls_url": ["https://api.github.com/repos/johann-petrak/gatetool-runpipeline/pulls{/number}"],
    "milestones_url": ["https://api.github.com/repos/johann-petrak/gatetool-runpipeline/milestones{/number}"],
    "notifications_url": ["https://api.github.com/repos/johann-petrak/gatetool-runpipeline/notifications{?since,all,participating}"],
    "labels_url": ["https://api.github.com/repos/johann-petrak/gatetool-runpipeline/labels{/name}"],
    "releases_url": ["https://api.github.com/repos/johann-petrak/gatetool-runpipeline/releases{/id}"],
    "deployments_url": ["https://api.github.com/repos/johann-petrak/gatetool-runpipeline/deployments"],
    "created_at": ["2017-02-02T15:45:48Z"],
    "updated_at": ["2019-03-08T08:56:36Z"],
    "pushed_at": ["2019-03-08T08:56:35Z"],
    "git_url": ["git://github.com/johann-petrak/gatetool-runpipeline.git"],
    "ssh_url": ["git@github.com:johann-petrak/gatetool-runpipeline.git"],
    "clone_url": ["https://github.com/johann-petrak/gatetool-runpipeline.git"],
    "svn_url": ["https://github.com/johann-petrak/gatetool-runpipeline"],
    "homepage": {},
    "size": [17964],
    "stargazers_count": [0],
    "watchers_count": [0],
    "language": ["Scala"],
    "has_issues": [true],
    "has_projects": [true],
    "has_downloads": [true],
    "has_wiki": [true],
    "has_pages": [false],
    "forks_count": [0],
    "mirror_url": {},
    "archived": [false],
    "disabled": [false],
    "open_issues_count": [1],
    "license": {},
    "forks": [0],
    "open_issues": [1],
    "watchers": [0],
    "default_branch": ["master"],
    "permissions": {
      "admin": [false],
      "push": [false],
      "pull": [true]
    }
  }
]
