[
  {
    "id": [118819682],
    "node_id": ["MDEwOlJlcG9zaXRvcnkxMTg4MTk2ODI="],
    "name": ["poincare-embeddings"],
    "full_name": ["johann-petrak/poincare-embeddings"],
    "private": [false],
    "owner": {
      "login": ["johann-petrak"],
      "id": [619106],
      "node_id": ["MDQ6VXNlcjYxOTEwNg=="],
      "avatar_url": ["https://avatars0.githubusercontent.com/u/619106?v=4"],
      "gravatar_id": [""],
      "url": ["https://api.github.com/users/johann-petrak"],
      "html_url": ["https://github.com/johann-petrak"],
      "followers_url": ["https://api.github.com/users/johann-petrak/followers"],
      "following_url": ["https://api.github.com/users/johann-petrak/following{/other_user}"],
      "gists_url": ["https://api.github.com/users/johann-petrak/gists{/gist_id}"],
      "starred_url": ["https://api.github.com/users/johann-petrak/starred{/owner}{/repo}"],
      "subscriptions_url": ["https://api.github.com/users/johann-petrak/subscriptions"],
      "organizations_url": ["https://api.github.com/users/johann-petrak/orgs"],
      "repos_url": ["https://api.github.com/users/johann-petrak/repos"],
      "events_url": ["https://api.github.com/users/johann-petrak/events{/privacy}"],
      "received_events_url": ["https://api.github.com/users/johann-petrak/received_events"],
      "type": ["User"],
      "site_admin": [false]
    },
    "html_url": ["https://github.com/johann-petrak/poincare-embeddings"],
    "description": ["PyTorch implementation of the NIPS-17 paper \"Poincaré Embeddings for Learning Hierarchical Implementations\""],
    "fork": [true],
    "url": ["https://api.github.com/repos/johann-petrak/poincare-embeddings"],
    "forks_url": ["https://api.github.com/repos/johann-petrak/poincare-embeddings/forks"],
    "keys_url": ["https://api.github.com/repos/johann-petrak/poincare-embeddings/keys{/key_id}"],
    "collaborators_url": ["https://api.github.com/repos/johann-petrak/poincare-embeddings/collaborators{/collaborator}"],
    "teams_url": ["https://api.github.com/repos/johann-petrak/poincare-embeddings/teams"],
    "hooks_url": ["https://api.github.com/repos/johann-petrak/poincare-embeddings/hooks"],
    "issue_events_url": ["https://api.github.com/repos/johann-petrak/poincare-embeddings/issues/events{/number}"],
    "events_url": ["https://api.github.com/repos/johann-petrak/poincare-embeddings/events"],
    "assignees_url": ["https://api.github.com/repos/johann-petrak/poincare-embeddings/assignees{/user}"],
    "branches_url": ["https://api.github.com/repos/johann-petrak/poincare-embeddings/branches{/branch}"],
    "tags_url": ["https://api.github.com/repos/johann-petrak/poincare-embeddings/tags"],
    "blobs_url": ["https://api.github.com/repos/johann-petrak/poincare-embeddings/git/blobs{/sha}"],
    "git_tags_url": ["https://api.github.com/repos/johann-petrak/poincare-embeddings/git/tags{/sha}"],
    "git_refs_url": ["https://api.github.com/repos/johann-petrak/poincare-embeddings/git/refs{/sha}"],
    "trees_url": ["https://api.github.com/repos/johann-petrak/poincare-embeddings/git/trees{/sha}"],
    "statuses_url": ["https://api.github.com/repos/johann-petrak/poincare-embeddings/statuses/{sha}"],
    "languages_url": ["https://api.github.com/repos/johann-petrak/poincare-embeddings/languages"],
    "stargazers_url": ["https://api.github.com/repos/johann-petrak/poincare-embeddings/stargazers"],
    "contributors_url": ["https://api.github.com/repos/johann-petrak/poincare-embeddings/contributors"],
    "subscribers_url": ["https://api.github.com/repos/johann-petrak/poincare-embeddings/subscribers"],
    "subscription_url": ["https://api.github.com/repos/johann-petrak/poincare-embeddings/subscription"],
    "commits_url": ["https://api.github.com/repos/johann-petrak/poincare-embeddings/commits{/sha}"],
    "git_commits_url": ["https://api.github.com/repos/johann-petrak/poincare-embeddings/git/commits{/sha}"],
    "comments_url": ["https://api.github.com/repos/johann-petrak/poincare-embeddings/comments{/number}"],
    "issue_comment_url": ["https://api.github.com/repos/johann-petrak/poincare-embeddings/issues/comments{/number}"],
    "contents_url": ["https://api.github.com/repos/johann-petrak/poincare-embeddings/contents/{+path}"],
    "compare_url": ["https://api.github.com/repos/johann-petrak/poincare-embeddings/compare/{base}...{head}"],
    "merges_url": ["https://api.github.com/repos/johann-petrak/poincare-embeddings/merges"],
    "archive_url": ["https://api.github.com/repos/johann-petrak/poincare-embeddings/{archive_format}{/ref}"],
    "downloads_url": ["https://api.github.com/repos/johann-petrak/poincare-embeddings/downloads"],
    "issues_url": ["https://api.github.com/repos/johann-petrak/poincare-embeddings/issues{/number}"],
    "pulls_url": ["https://api.github.com/repos/johann-petrak/poincare-embeddings/pulls{/number}"],
    "milestones_url": ["https://api.github.com/repos/johann-petrak/poincare-embeddings/milestones{/number}"],
    "notifications_url": ["https://api.github.com/repos/johann-petrak/poincare-embeddings/notifications{?since,all,participating}"],
    "labels_url": ["https://api.github.com/repos/johann-petrak/poincare-embeddings/labels{/name}"],
    "releases_url": ["https://api.github.com/repos/johann-petrak/poincare-embeddings/releases{/id}"],
    "deployments_url": ["https://api.github.com/repos/johann-petrak/poincare-embeddings/deployments"],
    "created_at": ["2018-01-24T20:43:33Z"],
    "updated_at": ["2018-01-24T20:43:35Z"],
    "pushed_at": ["2018-01-22T18:34:48Z"],
    "git_url": ["git://github.com/johann-petrak/poincare-embeddings.git"],
    "ssh_url": ["git@github.com:johann-petrak/poincare-embeddings.git"],
    "clone_url": ["https://github.com/johann-petrak/poincare-embeddings.git"],
    "svn_url": ["https://github.com/johann-petrak/poincare-embeddings"],
    "homepage": {},
    "size": [344],
    "stargazers_count": [0],
    "watchers_count": [0],
    "language": ["Python"],
    "has_issues": [false],
    "has_projects": [true],
    "has_downloads": [true],
    "has_wiki": [false],
    "has_pages": [false],
    "forks_count": [1],
    "mirror_url": {},
    "archived": [false],
    "disabled": [false],
    "open_issues_count": [0],
    "license": {
      "key": ["other"],
      "name": ["Other"],
      "spdx_id": ["NOASSERTION"],
      "url": {},
      "node_id": ["MDc6TGljZW5zZTA="]
    },
    "forks": [1],
    "open_issues": [0],
    "watchers": [0],
    "default_branch": ["master"],
    "permissions": {
      "admin": [false],
      "push": [false],
      "pull": [true]
    }
  }
]
