[
  {
    "id": [72471575],
    "node_id": ["MDEwOlJlcG9zaXRvcnk3MjQ3MTU3NQ=="],
    "name": ["BoundedPriorityQueue"],
    "full_name": ["johann-petrak/BoundedPriorityQueue"],
    "private": [false],
    "owner": {
      "login": ["johann-petrak"],
      "id": [619106],
      "node_id": ["MDQ6VXNlcjYxOTEwNg=="],
      "avatar_url": ["https://avatars0.githubusercontent.com/u/619106?v=4"],
      "gravatar_id": [""],
      "url": ["https://api.github.com/users/johann-petrak"],
      "html_url": ["https://github.com/johann-petrak"],
      "followers_url": ["https://api.github.com/users/johann-petrak/followers"],
      "following_url": ["https://api.github.com/users/johann-petrak/following{/other_user}"],
      "gists_url": ["https://api.github.com/users/johann-petrak/gists{/gist_id}"],
      "starred_url": ["https://api.github.com/users/johann-petrak/starred{/owner}{/repo}"],
      "subscriptions_url": ["https://api.github.com/users/johann-petrak/subscriptions"],
      "organizations_url": ["https://api.github.com/users/johann-petrak/orgs"],
      "repos_url": ["https://api.github.com/users/johann-petrak/repos"],
      "events_url": ["https://api.github.com/users/johann-petrak/events{/privacy}"],
      "received_events_url": ["https://api.github.com/users/johann-petrak/received_events"],
      "type": ["User"],
      "site_admin": [false]
    },
    "html_url": ["https://github.com/johann-petrak/BoundedPriorityQueue"],
    "description": ["A bounded priority queue, used for Kd-Tree implementation, implemented in Python"],
    "fork": [true],
    "url": ["https://api.github.com/repos/johann-petrak/BoundedPriorityQueue"],
    "forks_url": ["https://api.github.com/repos/johann-petrak/BoundedPriorityQueue/forks"],
    "keys_url": ["https://api.github.com/repos/johann-petrak/BoundedPriorityQueue/keys{/key_id}"],
    "collaborators_url": ["https://api.github.com/repos/johann-petrak/BoundedPriorityQueue/collaborators{/collaborator}"],
    "teams_url": ["https://api.github.com/repos/johann-petrak/BoundedPriorityQueue/teams"],
    "hooks_url": ["https://api.github.com/repos/johann-petrak/BoundedPriorityQueue/hooks"],
    "issue_events_url": ["https://api.github.com/repos/johann-petrak/BoundedPriorityQueue/issues/events{/number}"],
    "events_url": ["https://api.github.com/repos/johann-petrak/BoundedPriorityQueue/events"],
    "assignees_url": ["https://api.github.com/repos/johann-petrak/BoundedPriorityQueue/assignees{/user}"],
    "branches_url": ["https://api.github.com/repos/johann-petrak/BoundedPriorityQueue/branches{/branch}"],
    "tags_url": ["https://api.github.com/repos/johann-petrak/BoundedPriorityQueue/tags"],
    "blobs_url": ["https://api.github.com/repos/johann-petrak/BoundedPriorityQueue/git/blobs{/sha}"],
    "git_tags_url": ["https://api.github.com/repos/johann-petrak/BoundedPriorityQueue/git/tags{/sha}"],
    "git_refs_url": ["https://api.github.com/repos/johann-petrak/BoundedPriorityQueue/git/refs{/sha}"],
    "trees_url": ["https://api.github.com/repos/johann-petrak/BoundedPriorityQueue/git/trees{/sha}"],
    "statuses_url": ["https://api.github.com/repos/johann-petrak/BoundedPriorityQueue/statuses/{sha}"],
    "languages_url": ["https://api.github.com/repos/johann-petrak/BoundedPriorityQueue/languages"],
    "stargazers_url": ["https://api.github.com/repos/johann-petrak/BoundedPriorityQueue/stargazers"],
    "contributors_url": ["https://api.github.com/repos/johann-petrak/BoundedPriorityQueue/contributors"],
    "subscribers_url": ["https://api.github.com/repos/johann-petrak/BoundedPriorityQueue/subscribers"],
    "subscription_url": ["https://api.github.com/repos/johann-petrak/BoundedPriorityQueue/subscription"],
    "commits_url": ["https://api.github.com/repos/johann-petrak/BoundedPriorityQueue/commits{/sha}"],
    "git_commits_url": ["https://api.github.com/repos/johann-petrak/BoundedPriorityQueue/git/commits{/sha}"],
    "comments_url": ["https://api.github.com/repos/johann-petrak/BoundedPriorityQueue/comments{/number}"],
    "issue_comment_url": ["https://api.github.com/repos/johann-petrak/BoundedPriorityQueue/issues/comments{/number}"],
    "contents_url": ["https://api.github.com/repos/johann-petrak/BoundedPriorityQueue/contents/{+path}"],
    "compare_url": ["https://api.github.com/repos/johann-petrak/BoundedPriorityQueue/compare/{base}...{head}"],
    "merges_url": ["https://api.github.com/repos/johann-petrak/BoundedPriorityQueue/merges"],
    "archive_url": ["https://api.github.com/repos/johann-petrak/BoundedPriorityQueue/{archive_format}{/ref}"],
    "downloads_url": ["https://api.github.com/repos/johann-petrak/BoundedPriorityQueue/downloads"],
    "issues_url": ["https://api.github.com/repos/johann-petrak/BoundedPriorityQueue/issues{/number}"],
    "pulls_url": ["https://api.github.com/repos/johann-petrak/BoundedPriorityQueue/pulls{/number}"],
    "milestones_url": ["https://api.github.com/repos/johann-petrak/BoundedPriorityQueue/milestones{/number}"],
    "notifications_url": ["https://api.github.com/repos/johann-petrak/BoundedPriorityQueue/notifications{?since,all,participating}"],
    "labels_url": ["https://api.github.com/repos/johann-petrak/BoundedPriorityQueue/labels{/name}"],
    "releases_url": ["https://api.github.com/repos/johann-petrak/BoundedPriorityQueue/releases{/id}"],
    "deployments_url": ["https://api.github.com/repos/johann-petrak/BoundedPriorityQueue/deployments"],
    "created_at": ["2016-10-31T19:39:07Z"],
    "updated_at": ["2016-10-31T19:39:08Z"],
    "pushed_at": ["2016-10-31T20:01:23Z"],
    "git_url": ["git://github.com/johann-petrak/BoundedPriorityQueue.git"],
    "ssh_url": ["git@github.com:johann-petrak/BoundedPriorityQueue.git"],
    "clone_url": ["https://github.com/johann-petrak/BoundedPriorityQueue.git"],
    "svn_url": ["https://github.com/johann-petrak/BoundedPriorityQueue"],
    "homepage": [""],
    "size": [3],
    "stargazers_count": [0],
    "watchers_count": [0],
    "language": ["Python"],
    "has_issues": [false],
    "has_projects": [true],
    "has_downloads": [true],
    "has_wiki": [true],
    "has_pages": [false],
    "forks_count": [0],
    "mirror_url": {},
    "archived": [false],
    "disabled": [false],
    "open_issues_count": [0],
    "license": {},
    "forks": [0],
    "open_issues": [0],
    "watchers": [0],
    "default_branch": ["master"],
    "permissions": {
      "admin": [false],
      "push": [false],
      "pull": [true]
    }
  }
]
