[
  {
    "id": [72557615],
    "node_id": ["MDEwOlJlcG9zaXRvcnk3MjU1NzYxNQ=="],
    "name": ["licenseheaders"],
    "full_name": ["johann-petrak/licenseheaders"],
    "private": [false],
    "owner": {
      "login": ["johann-petrak"],
      "id": [619106],
      "node_id": ["MDQ6VXNlcjYxOTEwNg=="],
      "avatar_url": ["https://avatars0.githubusercontent.com/u/619106?v=4"],
      "gravatar_id": [""],
      "url": ["https://api.github.com/users/johann-petrak"],
      "html_url": ["https://github.com/johann-petrak"],
      "followers_url": ["https://api.github.com/users/johann-petrak/followers"],
      "following_url": ["https://api.github.com/users/johann-petrak/following{/other_user}"],
      "gists_url": ["https://api.github.com/users/johann-petrak/gists{/gist_id}"],
      "starred_url": ["https://api.github.com/users/johann-petrak/starred{/owner}{/repo}"],
      "subscriptions_url": ["https://api.github.com/users/johann-petrak/subscriptions"],
      "organizations_url": ["https://api.github.com/users/johann-petrak/orgs"],
      "repos_url": ["https://api.github.com/users/johann-petrak/repos"],
      "events_url": ["https://api.github.com/users/johann-petrak/events{/privacy}"],
      "received_events_url": ["https://api.github.com/users/johann-petrak/received_events"],
      "type": ["User"],
      "site_admin": [false]
    },
    "html_url": ["https://github.com/johann-petrak/licenseheaders"],
    "description": ["Simple python script to add/replace license headers in a directory tree of source files"],
    "fork": [false],
    "url": ["https://api.github.com/repos/johann-petrak/licenseheaders"],
    "forks_url": ["https://api.github.com/repos/johann-petrak/licenseheaders/forks"],
    "keys_url": ["https://api.github.com/repos/johann-petrak/licenseheaders/keys{/key_id}"],
    "collaborators_url": ["https://api.github.com/repos/johann-petrak/licenseheaders/collaborators{/collaborator}"],
    "teams_url": ["https://api.github.com/repos/johann-petrak/licenseheaders/teams"],
    "hooks_url": ["https://api.github.com/repos/johann-petrak/licenseheaders/hooks"],
    "issue_events_url": ["https://api.github.com/repos/johann-petrak/licenseheaders/issues/events{/number}"],
    "events_url": ["https://api.github.com/repos/johann-petrak/licenseheaders/events"],
    "assignees_url": ["https://api.github.com/repos/johann-petrak/licenseheaders/assignees{/user}"],
    "branches_url": ["https://api.github.com/repos/johann-petrak/licenseheaders/branches{/branch}"],
    "tags_url": ["https://api.github.com/repos/johann-petrak/licenseheaders/tags"],
    "blobs_url": ["https://api.github.com/repos/johann-petrak/licenseheaders/git/blobs{/sha}"],
    "git_tags_url": ["https://api.github.com/repos/johann-petrak/licenseheaders/git/tags{/sha}"],
    "git_refs_url": ["https://api.github.com/repos/johann-petrak/licenseheaders/git/refs{/sha}"],
    "trees_url": ["https://api.github.com/repos/johann-petrak/licenseheaders/git/trees{/sha}"],
    "statuses_url": ["https://api.github.com/repos/johann-petrak/licenseheaders/statuses/{sha}"],
    "languages_url": ["https://api.github.com/repos/johann-petrak/licenseheaders/languages"],
    "stargazers_url": ["https://api.github.com/repos/johann-petrak/licenseheaders/stargazers"],
    "contributors_url": ["https://api.github.com/repos/johann-petrak/licenseheaders/contributors"],
    "subscribers_url": ["https://api.github.com/repos/johann-petrak/licenseheaders/subscribers"],
    "subscription_url": ["https://api.github.com/repos/johann-petrak/licenseheaders/subscription"],
    "commits_url": ["https://api.github.com/repos/johann-petrak/licenseheaders/commits{/sha}"],
    "git_commits_url": ["https://api.github.com/repos/johann-petrak/licenseheaders/git/commits{/sha}"],
    "comments_url": ["https://api.github.com/repos/johann-petrak/licenseheaders/comments{/number}"],
    "issue_comment_url": ["https://api.github.com/repos/johann-petrak/licenseheaders/issues/comments{/number}"],
    "contents_url": ["https://api.github.com/repos/johann-petrak/licenseheaders/contents/{+path}"],
    "compare_url": ["https://api.github.com/repos/johann-petrak/licenseheaders/compare/{base}...{head}"],
    "merges_url": ["https://api.github.com/repos/johann-petrak/licenseheaders/merges"],
    "archive_url": ["https://api.github.com/repos/johann-petrak/licenseheaders/{archive_format}{/ref}"],
    "downloads_url": ["https://api.github.com/repos/johann-petrak/licenseheaders/downloads"],
    "issues_url": ["https://api.github.com/repos/johann-petrak/licenseheaders/issues{/number}"],
    "pulls_url": ["https://api.github.com/repos/johann-petrak/licenseheaders/pulls{/number}"],
    "milestones_url": ["https://api.github.com/repos/johann-petrak/licenseheaders/milestones{/number}"],
    "notifications_url": ["https://api.github.com/repos/johann-petrak/licenseheaders/notifications{?since,all,participating}"],
    "labels_url": ["https://api.github.com/repos/johann-petrak/licenseheaders/labels{/name}"],
    "releases_url": ["https://api.github.com/repos/johann-petrak/licenseheaders/releases{/id}"],
    "deployments_url": ["https://api.github.com/repos/johann-petrak/licenseheaders/deployments"],
    "created_at": ["2016-11-01T17:02:30Z"],
    "updated_at": ["2019-04-01T09:19:03Z"],
    "pushed_at": ["2018-08-27T07:03:55Z"],
    "git_url": ["git://github.com/johann-petrak/licenseheaders.git"],
    "ssh_url": ["git@github.com:johann-petrak/licenseheaders.git"],
    "clone_url": ["https://github.com/johann-petrak/licenseheaders.git"],
    "svn_url": ["https://github.com/johann-petrak/licenseheaders"],
    "homepage": {},
    "size": [23],
    "stargazers_count": [13],
    "watchers_count": [13],
    "language": ["Python"],
    "has_issues": [true],
    "has_projects": [true],
    "has_downloads": [true],
    "has_wiki": [true],
    "has_pages": [false],
    "forks_count": [23],
    "mirror_url": {},
    "archived": [false],
    "disabled": [false],
    "open_issues_count": [0],
    "license": {
      "key": ["other"],
      "name": ["Other"],
      "spdx_id": ["NOASSERTION"],
      "url": {},
      "node_id": ["MDc6TGljZW5zZTA="]
    },
    "forks": [23],
    "open_issues": [0],
    "watchers": [13],
    "default_branch": ["master"],
    "permissions": {
      "admin": [false],
      "push": [false],
      "pull": [true]
    }
  }
]
