[
  {
    "id": [92055982],
    "node_id": ["MDEwOlJlcG9zaXRvcnk5MjA1NTk4Mg=="],
    "name": ["arow_csc"],
    "full_name": ["johann-petrak/arow_csc"],
    "private": [false],
    "owner": {
      "login": ["johann-petrak"],
      "id": [619106],
      "node_id": ["MDQ6VXNlcjYxOTEwNg=="],
      "avatar_url": ["https://avatars0.githubusercontent.com/u/619106?v=4"],
      "gravatar_id": [""],
      "url": ["https://api.github.com/users/johann-petrak"],
      "html_url": ["https://github.com/johann-petrak"],
      "followers_url": ["https://api.github.com/users/johann-petrak/followers"],
      "following_url": ["https://api.github.com/users/johann-petrak/following{/other_user}"],
      "gists_url": ["https://api.github.com/users/johann-petrak/gists{/gist_id}"],
      "starred_url": ["https://api.github.com/users/johann-petrak/starred{/owner}{/repo}"],
      "subscriptions_url": ["https://api.github.com/users/johann-petrak/subscriptions"],
      "organizations_url": ["https://api.github.com/users/johann-petrak/orgs"],
      "repos_url": ["https://api.github.com/users/johann-petrak/repos"],
      "events_url": ["https://api.github.com/users/johann-petrak/events{/privacy}"],
      "received_events_url": ["https://api.github.com/users/johann-petrak/received_events"],
      "type": ["User"],
      "site_admin": [false]
    },
    "html_url": ["https://github.com/johann-petrak/arow_csc"],
    "description": ["Cost-sensitive multiclass classification with Adaptive Regularization of Weights"],
    "fork": [true],
    "url": ["https://api.github.com/repos/johann-petrak/arow_csc"],
    "forks_url": ["https://api.github.com/repos/johann-petrak/arow_csc/forks"],
    "keys_url": ["https://api.github.com/repos/johann-petrak/arow_csc/keys{/key_id}"],
    "collaborators_url": ["https://api.github.com/repos/johann-petrak/arow_csc/collaborators{/collaborator}"],
    "teams_url": ["https://api.github.com/repos/johann-petrak/arow_csc/teams"],
    "hooks_url": ["https://api.github.com/repos/johann-petrak/arow_csc/hooks"],
    "issue_events_url": ["https://api.github.com/repos/johann-petrak/arow_csc/issues/events{/number}"],
    "events_url": ["https://api.github.com/repos/johann-petrak/arow_csc/events"],
    "assignees_url": ["https://api.github.com/repos/johann-petrak/arow_csc/assignees{/user}"],
    "branches_url": ["https://api.github.com/repos/johann-petrak/arow_csc/branches{/branch}"],
    "tags_url": ["https://api.github.com/repos/johann-petrak/arow_csc/tags"],
    "blobs_url": ["https://api.github.com/repos/johann-petrak/arow_csc/git/blobs{/sha}"],
    "git_tags_url": ["https://api.github.com/repos/johann-petrak/arow_csc/git/tags{/sha}"],
    "git_refs_url": ["https://api.github.com/repos/johann-petrak/arow_csc/git/refs{/sha}"],
    "trees_url": ["https://api.github.com/repos/johann-petrak/arow_csc/git/trees{/sha}"],
    "statuses_url": ["https://api.github.com/repos/johann-petrak/arow_csc/statuses/{sha}"],
    "languages_url": ["https://api.github.com/repos/johann-petrak/arow_csc/languages"],
    "stargazers_url": ["https://api.github.com/repos/johann-petrak/arow_csc/stargazers"],
    "contributors_url": ["https://api.github.com/repos/johann-petrak/arow_csc/contributors"],
    "subscribers_url": ["https://api.github.com/repos/johann-petrak/arow_csc/subscribers"],
    "subscription_url": ["https://api.github.com/repos/johann-petrak/arow_csc/subscription"],
    "commits_url": ["https://api.github.com/repos/johann-petrak/arow_csc/commits{/sha}"],
    "git_commits_url": ["https://api.github.com/repos/johann-petrak/arow_csc/git/commits{/sha}"],
    "comments_url": ["https://api.github.com/repos/johann-petrak/arow_csc/comments{/number}"],
    "issue_comment_url": ["https://api.github.com/repos/johann-petrak/arow_csc/issues/comments{/number}"],
    "contents_url": ["https://api.github.com/repos/johann-petrak/arow_csc/contents/{+path}"],
    "compare_url": ["https://api.github.com/repos/johann-petrak/arow_csc/compare/{base}...{head}"],
    "merges_url": ["https://api.github.com/repos/johann-petrak/arow_csc/merges"],
    "archive_url": ["https://api.github.com/repos/johann-petrak/arow_csc/{archive_format}{/ref}"],
    "downloads_url": ["https://api.github.com/repos/johann-petrak/arow_csc/downloads"],
    "issues_url": ["https://api.github.com/repos/johann-petrak/arow_csc/issues{/number}"],
    "pulls_url": ["https://api.github.com/repos/johann-petrak/arow_csc/pulls{/number}"],
    "milestones_url": ["https://api.github.com/repos/johann-petrak/arow_csc/milestones{/number}"],
    "notifications_url": ["https://api.github.com/repos/johann-petrak/arow_csc/notifications{?since,all,participating}"],
    "labels_url": ["https://api.github.com/repos/johann-petrak/arow_csc/labels{/name}"],
    "releases_url": ["https://api.github.com/repos/johann-petrak/arow_csc/releases{/id}"],
    "deployments_url": ["https://api.github.com/repos/johann-petrak/arow_csc/deployments"],
    "created_at": ["2017-05-22T13:20:41Z"],
    "updated_at": ["2018-02-18T00:15:40Z"],
    "pushed_at": ["2017-06-13T18:38:55Z"],
    "git_url": ["git://github.com/johann-petrak/arow_csc.git"],
    "ssh_url": ["git@github.com:johann-petrak/arow_csc.git"],
    "clone_url": ["https://github.com/johann-petrak/arow_csc.git"],
    "svn_url": ["https://github.com/johann-petrak/arow_csc"],
    "homepage": {},
    "size": [63],
    "stargazers_count": [1],
    "watchers_count": [1],
    "language": ["Python"],
    "has_issues": [false],
    "has_projects": [true],
    "has_downloads": [true],
    "has_wiki": [true],
    "has_pages": [false],
    "forks_count": [0],
    "mirror_url": {},
    "archived": [false],
    "disabled": [false],
    "open_issues_count": [0],
    "license": {},
    "forks": [0],
    "open_issues": [0],
    "watchers": [1],
    "default_branch": ["master"],
    "permissions": {
      "admin": [false],
      "push": [false],
      "pull": [true]
    }
  }
]
