[
  {
    "id": [139853738],
    "node_id": ["MDEwOlJlcG9zaXRvcnkxMzk4NTM3Mzg="],
    "name": ["gateplugin-MiscDebugging"],
    "full_name": ["johann-petrak/gateplugin-MiscDebugging"],
    "private": [false],
    "owner": {
      "login": ["johann-petrak"],
      "id": [619106],
      "node_id": ["MDQ6VXNlcjYxOTEwNg=="],
      "avatar_url": ["https://avatars0.githubusercontent.com/u/619106?v=4"],
      "gravatar_id": [""],
      "url": ["https://api.github.com/users/johann-petrak"],
      "html_url": ["https://github.com/johann-petrak"],
      "followers_url": ["https://api.github.com/users/johann-petrak/followers"],
      "following_url": ["https://api.github.com/users/johann-petrak/following{/other_user}"],
      "gists_url": ["https://api.github.com/users/johann-petrak/gists{/gist_id}"],
      "starred_url": ["https://api.github.com/users/johann-petrak/starred{/owner}{/repo}"],
      "subscriptions_url": ["https://api.github.com/users/johann-petrak/subscriptions"],
      "organizations_url": ["https://api.github.com/users/johann-petrak/orgs"],
      "repos_url": ["https://api.github.com/users/johann-petrak/repos"],
      "events_url": ["https://api.github.com/users/johann-petrak/events{/privacy}"],
      "received_events_url": ["https://api.github.com/users/johann-petrak/received_events"],
      "type": ["User"],
      "site_admin": [false]
    },
    "html_url": ["https://github.com/johann-petrak/gateplugin-MiscDebugging"],
    "description": ["A processing resources to debug the invocation of controller callbacks and other stuff"],
    "fork": [false],
    "url": ["https://api.github.com/repos/johann-petrak/gateplugin-MiscDebugging"],
    "forks_url": ["https://api.github.com/repos/johann-petrak/gateplugin-MiscDebugging/forks"],
    "keys_url": ["https://api.github.com/repos/johann-petrak/gateplugin-MiscDebugging/keys{/key_id}"],
    "collaborators_url": ["https://api.github.com/repos/johann-petrak/gateplugin-MiscDebugging/collaborators{/collaborator}"],
    "teams_url": ["https://api.github.com/repos/johann-petrak/gateplugin-MiscDebugging/teams"],
    "hooks_url": ["https://api.github.com/repos/johann-petrak/gateplugin-MiscDebugging/hooks"],
    "issue_events_url": ["https://api.github.com/repos/johann-petrak/gateplugin-MiscDebugging/issues/events{/number}"],
    "events_url": ["https://api.github.com/repos/johann-petrak/gateplugin-MiscDebugging/events"],
    "assignees_url": ["https://api.github.com/repos/johann-petrak/gateplugin-MiscDebugging/assignees{/user}"],
    "branches_url": ["https://api.github.com/repos/johann-petrak/gateplugin-MiscDebugging/branches{/branch}"],
    "tags_url": ["https://api.github.com/repos/johann-petrak/gateplugin-MiscDebugging/tags"],
    "blobs_url": ["https://api.github.com/repos/johann-petrak/gateplugin-MiscDebugging/git/blobs{/sha}"],
    "git_tags_url": ["https://api.github.com/repos/johann-petrak/gateplugin-MiscDebugging/git/tags{/sha}"],
    "git_refs_url": ["https://api.github.com/repos/johann-petrak/gateplugin-MiscDebugging/git/refs{/sha}"],
    "trees_url": ["https://api.github.com/repos/johann-petrak/gateplugin-MiscDebugging/git/trees{/sha}"],
    "statuses_url": ["https://api.github.com/repos/johann-petrak/gateplugin-MiscDebugging/statuses/{sha}"],
    "languages_url": ["https://api.github.com/repos/johann-petrak/gateplugin-MiscDebugging/languages"],
    "stargazers_url": ["https://api.github.com/repos/johann-petrak/gateplugin-MiscDebugging/stargazers"],
    "contributors_url": ["https://api.github.com/repos/johann-petrak/gateplugin-MiscDebugging/contributors"],
    "subscribers_url": ["https://api.github.com/repos/johann-petrak/gateplugin-MiscDebugging/subscribers"],
    "subscription_url": ["https://api.github.com/repos/johann-petrak/gateplugin-MiscDebugging/subscription"],
    "commits_url": ["https://api.github.com/repos/johann-petrak/gateplugin-MiscDebugging/commits{/sha}"],
    "git_commits_url": ["https://api.github.com/repos/johann-petrak/gateplugin-MiscDebugging/git/commits{/sha}"],
    "comments_url": ["https://api.github.com/repos/johann-petrak/gateplugin-MiscDebugging/comments{/number}"],
    "issue_comment_url": ["https://api.github.com/repos/johann-petrak/gateplugin-MiscDebugging/issues/comments{/number}"],
    "contents_url": ["https://api.github.com/repos/johann-petrak/gateplugin-MiscDebugging/contents/{+path}"],
    "compare_url": ["https://api.github.com/repos/johann-petrak/gateplugin-MiscDebugging/compare/{base}...{head}"],
    "merges_url": ["https://api.github.com/repos/johann-petrak/gateplugin-MiscDebugging/merges"],
    "archive_url": ["https://api.github.com/repos/johann-petrak/gateplugin-MiscDebugging/{archive_format}{/ref}"],
    "downloads_url": ["https://api.github.com/repos/johann-petrak/gateplugin-MiscDebugging/downloads"],
    "issues_url": ["https://api.github.com/repos/johann-petrak/gateplugin-MiscDebugging/issues{/number}"],
    "pulls_url": ["https://api.github.com/repos/johann-petrak/gateplugin-MiscDebugging/pulls{/number}"],
    "milestones_url": ["https://api.github.com/repos/johann-petrak/gateplugin-MiscDebugging/milestones{/number}"],
    "notifications_url": ["https://api.github.com/repos/johann-petrak/gateplugin-MiscDebugging/notifications{?since,all,participating}"],
    "labels_url": ["https://api.github.com/repos/johann-petrak/gateplugin-MiscDebugging/labels{/name}"],
    "releases_url": ["https://api.github.com/repos/johann-petrak/gateplugin-MiscDebugging/releases{/id}"],
    "deployments_url": ["https://api.github.com/repos/johann-petrak/gateplugin-MiscDebugging/deployments"],
    "created_at": ["2018-07-05T13:29:37Z"],
    "updated_at": ["2018-07-07T19:22:47Z"],
    "pushed_at": ["2018-07-07T19:22:45Z"],
    "git_url": ["git://github.com/johann-petrak/gateplugin-MiscDebugging.git"],
    "ssh_url": ["git@github.com:johann-petrak/gateplugin-MiscDebugging.git"],
    "clone_url": ["https://github.com/johann-petrak/gateplugin-MiscDebugging.git"],
    "svn_url": ["https://github.com/johann-petrak/gateplugin-MiscDebugging"],
    "homepage": {},
    "size": [9],
    "stargazers_count": [0],
    "watchers_count": [0],
    "language": ["Java"],
    "has_issues": [true],
    "has_projects": [true],
    "has_downloads": [true],
    "has_wiki": [true],
    "has_pages": [false],
    "forks_count": [0],
    "mirror_url": {},
    "archived": [false],
    "disabled": [false],
    "open_issues_count": [0],
    "license": {
      "key": ["lgpl-3.0"],
      "name": ["GNU Lesser General Public License v3.0"],
      "spdx_id": ["LGPL-3.0"],
      "url": ["https://api.github.com/licenses/lgpl-3.0"],
      "node_id": ["MDc6TGljZW5zZTEy"]
    },
    "forks": [0],
    "open_issues": [0],
    "watchers": [0],
    "default_branch": ["master"],
    "permissions": {
      "admin": [false],
      "push": [false],
      "pull": [true]
    }
  }
]
