[
  {
    "id": [86729647],
    "node_id": ["MDEwOlJlcG9zaXRvcnk4NjcyOTY0Nw=="],
    "name": ["S-Space"],
    "full_name": ["johann-petrak/S-Space"],
    "private": [false],
    "owner": {
      "login": ["johann-petrak"],
      "id": [619106],
      "node_id": ["MDQ6VXNlcjYxOTEwNg=="],
      "avatar_url": ["https://avatars0.githubusercontent.com/u/619106?v=4"],
      "gravatar_id": [""],
      "url": ["https://api.github.com/users/johann-petrak"],
      "html_url": ["https://github.com/johann-petrak"],
      "followers_url": ["https://api.github.com/users/johann-petrak/followers"],
      "following_url": ["https://api.github.com/users/johann-petrak/following{/other_user}"],
      "gists_url": ["https://api.github.com/users/johann-petrak/gists{/gist_id}"],
      "starred_url": ["https://api.github.com/users/johann-petrak/starred{/owner}{/repo}"],
      "subscriptions_url": ["https://api.github.com/users/johann-petrak/subscriptions"],
      "organizations_url": ["https://api.github.com/users/johann-petrak/orgs"],
      "repos_url": ["https://api.github.com/users/johann-petrak/repos"],
      "events_url": ["https://api.github.com/users/johann-petrak/events{/privacy}"],
      "received_events_url": ["https://api.github.com/users/johann-petrak/received_events"],
      "type": ["User"],
      "site_admin": [false]
    },
    "html_url": ["https://github.com/johann-petrak/S-Space"],
    "description": ["The S-Space repsitory, from the AIrhead-Research group"],
    "fork": [true],
    "url": ["https://api.github.com/repos/johann-petrak/S-Space"],
    "forks_url": ["https://api.github.com/repos/johann-petrak/S-Space/forks"],
    "keys_url": ["https://api.github.com/repos/johann-petrak/S-Space/keys{/key_id}"],
    "collaborators_url": ["https://api.github.com/repos/johann-petrak/S-Space/collaborators{/collaborator}"],
    "teams_url": ["https://api.github.com/repos/johann-petrak/S-Space/teams"],
    "hooks_url": ["https://api.github.com/repos/johann-petrak/S-Space/hooks"],
    "issue_events_url": ["https://api.github.com/repos/johann-petrak/S-Space/issues/events{/number}"],
    "events_url": ["https://api.github.com/repos/johann-petrak/S-Space/events"],
    "assignees_url": ["https://api.github.com/repos/johann-petrak/S-Space/assignees{/user}"],
    "branches_url": ["https://api.github.com/repos/johann-petrak/S-Space/branches{/branch}"],
    "tags_url": ["https://api.github.com/repos/johann-petrak/S-Space/tags"],
    "blobs_url": ["https://api.github.com/repos/johann-petrak/S-Space/git/blobs{/sha}"],
    "git_tags_url": ["https://api.github.com/repos/johann-petrak/S-Space/git/tags{/sha}"],
    "git_refs_url": ["https://api.github.com/repos/johann-petrak/S-Space/git/refs{/sha}"],
    "trees_url": ["https://api.github.com/repos/johann-petrak/S-Space/git/trees{/sha}"],
    "statuses_url": ["https://api.github.com/repos/johann-petrak/S-Space/statuses/{sha}"],
    "languages_url": ["https://api.github.com/repos/johann-petrak/S-Space/languages"],
    "stargazers_url": ["https://api.github.com/repos/johann-petrak/S-Space/stargazers"],
    "contributors_url": ["https://api.github.com/repos/johann-petrak/S-Space/contributors"],
    "subscribers_url": ["https://api.github.com/repos/johann-petrak/S-Space/subscribers"],
    "subscription_url": ["https://api.github.com/repos/johann-petrak/S-Space/subscription"],
    "commits_url": ["https://api.github.com/repos/johann-petrak/S-Space/commits{/sha}"],
    "git_commits_url": ["https://api.github.com/repos/johann-petrak/S-Space/git/commits{/sha}"],
    "comments_url": ["https://api.github.com/repos/johann-petrak/S-Space/comments{/number}"],
    "issue_comment_url": ["https://api.github.com/repos/johann-petrak/S-Space/issues/comments{/number}"],
    "contents_url": ["https://api.github.com/repos/johann-petrak/S-Space/contents/{+path}"],
    "compare_url": ["https://api.github.com/repos/johann-petrak/S-Space/compare/{base}...{head}"],
    "merges_url": ["https://api.github.com/repos/johann-petrak/S-Space/merges"],
    "archive_url": ["https://api.github.com/repos/johann-petrak/S-Space/{archive_format}{/ref}"],
    "downloads_url": ["https://api.github.com/repos/johann-petrak/S-Space/downloads"],
    "issues_url": ["https://api.github.com/repos/johann-petrak/S-Space/issues{/number}"],
    "pulls_url": ["https://api.github.com/repos/johann-petrak/S-Space/pulls{/number}"],
    "milestones_url": ["https://api.github.com/repos/johann-petrak/S-Space/milestones{/number}"],
    "notifications_url": ["https://api.github.com/repos/johann-petrak/S-Space/notifications{?since,all,participating}"],
    "labels_url": ["https://api.github.com/repos/johann-petrak/S-Space/labels{/name}"],
    "releases_url": ["https://api.github.com/repos/johann-petrak/S-Space/releases{/id}"],
    "deployments_url": ["https://api.github.com/repos/johann-petrak/S-Space/deployments"],
    "created_at": ["2017-03-30T17:24:12Z"],
    "updated_at": ["2017-03-30T17:24:16Z"],
    "pushed_at": ["2017-04-01T13:49:05Z"],
    "git_url": ["git://github.com/johann-petrak/S-Space.git"],
    "ssh_url": ["git@github.com:johann-petrak/S-Space.git"],
    "clone_url": ["https://github.com/johann-petrak/S-Space.git"],
    "svn_url": ["https://github.com/johann-petrak/S-Space"],
    "homepage": [""],
    "size": [42942],
    "stargazers_count": [0],
    "watchers_count": [0],
    "language": ["Java"],
    "has_issues": [false],
    "has_projects": [true],
    "has_downloads": [true],
    "has_wiki": [true],
    "has_pages": [false],
    "forks_count": [0],
    "mirror_url": {},
    "archived": [false],
    "disabled": [false],
    "open_issues_count": [0],
    "license": {
      "key": ["gpl-2.0"],
      "name": ["GNU General Public License v2.0"],
      "spdx_id": ["GPL-2.0"],
      "url": ["https://api.github.com/licenses/gpl-2.0"],
      "node_id": ["MDc6TGljZW5zZTg="]
    },
    "forks": [0],
    "open_issues": [0],
    "watchers": [0],
    "default_branch": ["master"],
    "permissions": {
      "admin": [false],
      "push": [false],
      "pull": [true]
    }
  }
]
