[
  {
    "id": [81952424],
    "node_id": ["MDEwOlJlcG9zaXRvcnk4MTk1MjQyNA=="],
    "name": ["java-lib-vectors"],
    "full_name": ["johann-petrak/java-lib-vectors"],
    "private": [false],
    "owner": {
      "login": ["johann-petrak"],
      "id": [619106],
      "node_id": ["MDQ6VXNlcjYxOTEwNg=="],
      "avatar_url": ["https://avatars0.githubusercontent.com/u/619106?v=4"],
      "gravatar_id": [""],
      "url": ["https://api.github.com/users/johann-petrak"],
      "html_url": ["https://github.com/johann-petrak"],
      "followers_url": ["https://api.github.com/users/johann-petrak/followers"],
      "following_url": ["https://api.github.com/users/johann-petrak/following{/other_user}"],
      "gists_url": ["https://api.github.com/users/johann-petrak/gists{/gist_id}"],
      "starred_url": ["https://api.github.com/users/johann-petrak/starred{/owner}{/repo}"],
      "subscriptions_url": ["https://api.github.com/users/johann-petrak/subscriptions"],
      "organizations_url": ["https://api.github.com/users/johann-petrak/orgs"],
      "repos_url": ["https://api.github.com/users/johann-petrak/repos"],
      "events_url": ["https://api.github.com/users/johann-petrak/events{/privacy}"],
      "received_events_url": ["https://api.github.com/users/johann-petrak/received_events"],
      "type": ["User"],
      "site_admin": [false]
    },
    "html_url": ["https://github.com/johann-petrak/java-lib-vectors"],
    "description": ["Simple, low-footprint library for some vector-related methods "],
    "fork": [false],
    "url": ["https://api.github.com/repos/johann-petrak/java-lib-vectors"],
    "forks_url": ["https://api.github.com/repos/johann-petrak/java-lib-vectors/forks"],
    "keys_url": ["https://api.github.com/repos/johann-petrak/java-lib-vectors/keys{/key_id}"],
    "collaborators_url": ["https://api.github.com/repos/johann-petrak/java-lib-vectors/collaborators{/collaborator}"],
    "teams_url": ["https://api.github.com/repos/johann-petrak/java-lib-vectors/teams"],
    "hooks_url": ["https://api.github.com/repos/johann-petrak/java-lib-vectors/hooks"],
    "issue_events_url": ["https://api.github.com/repos/johann-petrak/java-lib-vectors/issues/events{/number}"],
    "events_url": ["https://api.github.com/repos/johann-petrak/java-lib-vectors/events"],
    "assignees_url": ["https://api.github.com/repos/johann-petrak/java-lib-vectors/assignees{/user}"],
    "branches_url": ["https://api.github.com/repos/johann-petrak/java-lib-vectors/branches{/branch}"],
    "tags_url": ["https://api.github.com/repos/johann-petrak/java-lib-vectors/tags"],
    "blobs_url": ["https://api.github.com/repos/johann-petrak/java-lib-vectors/git/blobs{/sha}"],
    "git_tags_url": ["https://api.github.com/repos/johann-petrak/java-lib-vectors/git/tags{/sha}"],
    "git_refs_url": ["https://api.github.com/repos/johann-petrak/java-lib-vectors/git/refs{/sha}"],
    "trees_url": ["https://api.github.com/repos/johann-petrak/java-lib-vectors/git/trees{/sha}"],
    "statuses_url": ["https://api.github.com/repos/johann-petrak/java-lib-vectors/statuses/{sha}"],
    "languages_url": ["https://api.github.com/repos/johann-petrak/java-lib-vectors/languages"],
    "stargazers_url": ["https://api.github.com/repos/johann-petrak/java-lib-vectors/stargazers"],
    "contributors_url": ["https://api.github.com/repos/johann-petrak/java-lib-vectors/contributors"],
    "subscribers_url": ["https://api.github.com/repos/johann-petrak/java-lib-vectors/subscribers"],
    "subscription_url": ["https://api.github.com/repos/johann-petrak/java-lib-vectors/subscription"],
    "commits_url": ["https://api.github.com/repos/johann-petrak/java-lib-vectors/commits{/sha}"],
    "git_commits_url": ["https://api.github.com/repos/johann-petrak/java-lib-vectors/git/commits{/sha}"],
    "comments_url": ["https://api.github.com/repos/johann-petrak/java-lib-vectors/comments{/number}"],
    "issue_comment_url": ["https://api.github.com/repos/johann-petrak/java-lib-vectors/issues/comments{/number}"],
    "contents_url": ["https://api.github.com/repos/johann-petrak/java-lib-vectors/contents/{+path}"],
    "compare_url": ["https://api.github.com/repos/johann-petrak/java-lib-vectors/compare/{base}...{head}"],
    "merges_url": ["https://api.github.com/repos/johann-petrak/java-lib-vectors/merges"],
    "archive_url": ["https://api.github.com/repos/johann-petrak/java-lib-vectors/{archive_format}{/ref}"],
    "downloads_url": ["https://api.github.com/repos/johann-petrak/java-lib-vectors/downloads"],
    "issues_url": ["https://api.github.com/repos/johann-petrak/java-lib-vectors/issues{/number}"],
    "pulls_url": ["https://api.github.com/repos/johann-petrak/java-lib-vectors/pulls{/number}"],
    "milestones_url": ["https://api.github.com/repos/johann-petrak/java-lib-vectors/milestones{/number}"],
    "notifications_url": ["https://api.github.com/repos/johann-petrak/java-lib-vectors/notifications{?since,all,participating}"],
    "labels_url": ["https://api.github.com/repos/johann-petrak/java-lib-vectors/labels{/name}"],
    "releases_url": ["https://api.github.com/repos/johann-petrak/java-lib-vectors/releases{/id}"],
    "deployments_url": ["https://api.github.com/repos/johann-petrak/java-lib-vectors/deployments"],
    "created_at": ["2017-02-14T14:17:14Z"],
    "updated_at": ["2017-02-14T14:26:53Z"],
    "pushed_at": ["2017-03-06T18:45:34Z"],
    "git_url": ["git://github.com/johann-petrak/java-lib-vectors.git"],
    "ssh_url": ["git@github.com:johann-petrak/java-lib-vectors.git"],
    "clone_url": ["https://github.com/johann-petrak/java-lib-vectors.git"],
    "svn_url": ["https://github.com/johann-petrak/java-lib-vectors"],
    "homepage": {},
    "size": [698],
    "stargazers_count": [0],
    "watchers_count": [0],
    "language": ["Java"],
    "has_issues": [true],
    "has_projects": [true],
    "has_downloads": [true],
    "has_wiki": [true],
    "has_pages": [false],
    "forks_count": [0],
    "mirror_url": {},
    "archived": [false],
    "disabled": [false],
    "open_issues_count": [0],
    "license": {
      "key": ["lgpl-2.1"],
      "name": ["GNU Lesser General Public License v2.1"],
      "spdx_id": ["LGPL-2.1"],
      "url": ["https://api.github.com/licenses/lgpl-2.1"],
      "node_id": ["MDc6TGljZW5zZTEx"]
    },
    "forks": [0],
    "open_issues": [0],
    "watchers": [0],
    "default_branch": ["master"],
    "permissions": {
      "admin": [false],
      "push": [false],
      "pull": [true]
    }
  }
]
