[
  {
    "id": [35329835],
    "node_id": ["MDEwOlJlcG9zaXRvcnkzNTMyOTgzNQ=="],
    "name": ["gateplugin-AnnotationGraphs"],
    "full_name": ["johann-petrak/gateplugin-AnnotationGraphs"],
    "private": [false],
    "owner": {
      "login": ["johann-petrak"],
      "id": [619106],
      "node_id": ["MDQ6VXNlcjYxOTEwNg=="],
      "avatar_url": ["https://avatars0.githubusercontent.com/u/619106?v=4"],
      "gravatar_id": [""],
      "url": ["https://api.github.com/users/johann-petrak"],
      "html_url": ["https://github.com/johann-petrak"],
      "followers_url": ["https://api.github.com/users/johann-petrak/followers"],
      "following_url": ["https://api.github.com/users/johann-petrak/following{/other_user}"],
      "gists_url": ["https://api.github.com/users/johann-petrak/gists{/gist_id}"],
      "starred_url": ["https://api.github.com/users/johann-petrak/starred{/owner}{/repo}"],
      "subscriptions_url": ["https://api.github.com/users/johann-petrak/subscriptions"],
      "organizations_url": ["https://api.github.com/users/johann-petrak/orgs"],
      "repos_url": ["https://api.github.com/users/johann-petrak/repos"],
      "events_url": ["https://api.github.com/users/johann-petrak/events{/privacy}"],
      "received_events_url": ["https://api.github.com/users/johann-petrak/received_events"],
      "type": ["User"],
      "site_admin": [false]
    },
    "html_url": ["https://github.com/johann-petrak/gateplugin-AnnotationGraphs"],
    "description": ["A plugin for the GATE language technology framework that provides methods and tools for representing graphs of related annotations."],
    "fork": [false],
    "url": ["https://api.github.com/repos/johann-petrak/gateplugin-AnnotationGraphs"],
    "forks_url": ["https://api.github.com/repos/johann-petrak/gateplugin-AnnotationGraphs/forks"],
    "keys_url": ["https://api.github.com/repos/johann-petrak/gateplugin-AnnotationGraphs/keys{/key_id}"],
    "collaborators_url": ["https://api.github.com/repos/johann-petrak/gateplugin-AnnotationGraphs/collaborators{/collaborator}"],
    "teams_url": ["https://api.github.com/repos/johann-petrak/gateplugin-AnnotationGraphs/teams"],
    "hooks_url": ["https://api.github.com/repos/johann-petrak/gateplugin-AnnotationGraphs/hooks"],
    "issue_events_url": ["https://api.github.com/repos/johann-petrak/gateplugin-AnnotationGraphs/issues/events{/number}"],
    "events_url": ["https://api.github.com/repos/johann-petrak/gateplugin-AnnotationGraphs/events"],
    "assignees_url": ["https://api.github.com/repos/johann-petrak/gateplugin-AnnotationGraphs/assignees{/user}"],
    "branches_url": ["https://api.github.com/repos/johann-petrak/gateplugin-AnnotationGraphs/branches{/branch}"],
    "tags_url": ["https://api.github.com/repos/johann-petrak/gateplugin-AnnotationGraphs/tags"],
    "blobs_url": ["https://api.github.com/repos/johann-petrak/gateplugin-AnnotationGraphs/git/blobs{/sha}"],
    "git_tags_url": ["https://api.github.com/repos/johann-petrak/gateplugin-AnnotationGraphs/git/tags{/sha}"],
    "git_refs_url": ["https://api.github.com/repos/johann-petrak/gateplugin-AnnotationGraphs/git/refs{/sha}"],
    "trees_url": ["https://api.github.com/repos/johann-petrak/gateplugin-AnnotationGraphs/git/trees{/sha}"],
    "statuses_url": ["https://api.github.com/repos/johann-petrak/gateplugin-AnnotationGraphs/statuses/{sha}"],
    "languages_url": ["https://api.github.com/repos/johann-petrak/gateplugin-AnnotationGraphs/languages"],
    "stargazers_url": ["https://api.github.com/repos/johann-petrak/gateplugin-AnnotationGraphs/stargazers"],
    "contributors_url": ["https://api.github.com/repos/johann-petrak/gateplugin-AnnotationGraphs/contributors"],
    "subscribers_url": ["https://api.github.com/repos/johann-petrak/gateplugin-AnnotationGraphs/subscribers"],
    "subscription_url": ["https://api.github.com/repos/johann-petrak/gateplugin-AnnotationGraphs/subscription"],
    "commits_url": ["https://api.github.com/repos/johann-petrak/gateplugin-AnnotationGraphs/commits{/sha}"],
    "git_commits_url": ["https://api.github.com/repos/johann-petrak/gateplugin-AnnotationGraphs/git/commits{/sha}"],
    "comments_url": ["https://api.github.com/repos/johann-petrak/gateplugin-AnnotationGraphs/comments{/number}"],
    "issue_comment_url": ["https://api.github.com/repos/johann-petrak/gateplugin-AnnotationGraphs/issues/comments{/number}"],
    "contents_url": ["https://api.github.com/repos/johann-petrak/gateplugin-AnnotationGraphs/contents/{+path}"],
    "compare_url": ["https://api.github.com/repos/johann-petrak/gateplugin-AnnotationGraphs/compare/{base}...{head}"],
    "merges_url": ["https://api.github.com/repos/johann-petrak/gateplugin-AnnotationGraphs/merges"],
    "archive_url": ["https://api.github.com/repos/johann-petrak/gateplugin-AnnotationGraphs/{archive_format}{/ref}"],
    "downloads_url": ["https://api.github.com/repos/johann-petrak/gateplugin-AnnotationGraphs/downloads"],
    "issues_url": ["https://api.github.com/repos/johann-petrak/gateplugin-AnnotationGraphs/issues{/number}"],
    "pulls_url": ["https://api.github.com/repos/johann-petrak/gateplugin-AnnotationGraphs/pulls{/number}"],
    "milestones_url": ["https://api.github.com/repos/johann-petrak/gateplugin-AnnotationGraphs/milestones{/number}"],
    "notifications_url": ["https://api.github.com/repos/johann-petrak/gateplugin-AnnotationGraphs/notifications{?since,all,participating}"],
    "labels_url": ["https://api.github.com/repos/johann-petrak/gateplugin-AnnotationGraphs/labels{/name}"],
    "releases_url": ["https://api.github.com/repos/johann-petrak/gateplugin-AnnotationGraphs/releases{/id}"],
    "deployments_url": ["https://api.github.com/repos/johann-petrak/gateplugin-AnnotationGraphs/deployments"],
    "created_at": ["2015-05-09T13:36:58Z"],
    "updated_at": ["2015-05-09T17:20:18Z"],
    "pushed_at": ["2015-05-11T15:05:15Z"],
    "git_url": ["git://github.com/johann-petrak/gateplugin-AnnotationGraphs.git"],
    "ssh_url": ["git@github.com:johann-petrak/gateplugin-AnnotationGraphs.git"],
    "clone_url": ["https://github.com/johann-petrak/gateplugin-AnnotationGraphs.git"],
    "svn_url": ["https://github.com/johann-petrak/gateplugin-AnnotationGraphs"],
    "homepage": {},
    "size": [168],
    "stargazers_count": [0],
    "watchers_count": [0],
    "language": ["Java"],
    "has_issues": [true],
    "has_projects": [true],
    "has_downloads": [true],
    "has_wiki": [true],
    "has_pages": [false],
    "forks_count": [0],
    "mirror_url": {},
    "archived": [false],
    "disabled": [false],
    "open_issues_count": [0],
    "license": {
      "key": ["lgpl-2.1"],
      "name": ["GNU Lesser General Public License v2.1"],
      "spdx_id": ["LGPL-2.1"],
      "url": ["https://api.github.com/licenses/lgpl-2.1"],
      "node_id": ["MDc6TGljZW5zZTEx"]
    },
    "forks": [0],
    "open_issues": [0],
    "watchers": [0],
    "default_branch": ["master"],
    "permissions": {
      "admin": [false],
      "push": [false],
      "pull": [true]
    }
  }
]
