[
  {
    "id": [30881844],
    "node_id": ["MDEwOlJlcG9zaXRvcnkzMDg4MTg0NA=="],
    "name": ["neleval"],
    "full_name": ["johann-petrak/neleval"],
    "private": [false],
    "owner": {
      "login": ["johann-petrak"],
      "id": [619106],
      "node_id": ["MDQ6VXNlcjYxOTEwNg=="],
      "avatar_url": ["https://avatars0.githubusercontent.com/u/619106?v=4"],
      "gravatar_id": [""],
      "url": ["https://api.github.com/users/johann-petrak"],
      "html_url": ["https://github.com/johann-petrak"],
      "followers_url": ["https://api.github.com/users/johann-petrak/followers"],
      "following_url": ["https://api.github.com/users/johann-petrak/following{/other_user}"],
      "gists_url": ["https://api.github.com/users/johann-petrak/gists{/gist_id}"],
      "starred_url": ["https://api.github.com/users/johann-petrak/starred{/owner}{/repo}"],
      "subscriptions_url": ["https://api.github.com/users/johann-petrak/subscriptions"],
      "organizations_url": ["https://api.github.com/users/johann-petrak/orgs"],
      "repos_url": ["https://api.github.com/users/johann-petrak/repos"],
      "events_url": ["https://api.github.com/users/johann-petrak/events{/privacy}"],
      "received_events_url": ["https://api.github.com/users/johann-petrak/received_events"],
      "type": ["User"],
      "site_admin": [false]
    },
    "html_url": ["https://github.com/johann-petrak/neleval"],
    "description": ["Entity disambiguation evaluation and error analysis tool"],
    "fork": [true],
    "url": ["https://api.github.com/repos/johann-petrak/neleval"],
    "forks_url": ["https://api.github.com/repos/johann-petrak/neleval/forks"],
    "keys_url": ["https://api.github.com/repos/johann-petrak/neleval/keys{/key_id}"],
    "collaborators_url": ["https://api.github.com/repos/johann-petrak/neleval/collaborators{/collaborator}"],
    "teams_url": ["https://api.github.com/repos/johann-petrak/neleval/teams"],
    "hooks_url": ["https://api.github.com/repos/johann-petrak/neleval/hooks"],
    "issue_events_url": ["https://api.github.com/repos/johann-petrak/neleval/issues/events{/number}"],
    "events_url": ["https://api.github.com/repos/johann-petrak/neleval/events"],
    "assignees_url": ["https://api.github.com/repos/johann-petrak/neleval/assignees{/user}"],
    "branches_url": ["https://api.github.com/repos/johann-petrak/neleval/branches{/branch}"],
    "tags_url": ["https://api.github.com/repos/johann-petrak/neleval/tags"],
    "blobs_url": ["https://api.github.com/repos/johann-petrak/neleval/git/blobs{/sha}"],
    "git_tags_url": ["https://api.github.com/repos/johann-petrak/neleval/git/tags{/sha}"],
    "git_refs_url": ["https://api.github.com/repos/johann-petrak/neleval/git/refs{/sha}"],
    "trees_url": ["https://api.github.com/repos/johann-petrak/neleval/git/trees{/sha}"],
    "statuses_url": ["https://api.github.com/repos/johann-petrak/neleval/statuses/{sha}"],
    "languages_url": ["https://api.github.com/repos/johann-petrak/neleval/languages"],
    "stargazers_url": ["https://api.github.com/repos/johann-petrak/neleval/stargazers"],
    "contributors_url": ["https://api.github.com/repos/johann-petrak/neleval/contributors"],
    "subscribers_url": ["https://api.github.com/repos/johann-petrak/neleval/subscribers"],
    "subscription_url": ["https://api.github.com/repos/johann-petrak/neleval/subscription"],
    "commits_url": ["https://api.github.com/repos/johann-petrak/neleval/commits{/sha}"],
    "git_commits_url": ["https://api.github.com/repos/johann-petrak/neleval/git/commits{/sha}"],
    "comments_url": ["https://api.github.com/repos/johann-petrak/neleval/comments{/number}"],
    "issue_comment_url": ["https://api.github.com/repos/johann-petrak/neleval/issues/comments{/number}"],
    "contents_url": ["https://api.github.com/repos/johann-petrak/neleval/contents/{+path}"],
    "compare_url": ["https://api.github.com/repos/johann-petrak/neleval/compare/{base}...{head}"],
    "merges_url": ["https://api.github.com/repos/johann-petrak/neleval/merges"],
    "archive_url": ["https://api.github.com/repos/johann-petrak/neleval/{archive_format}{/ref}"],
    "downloads_url": ["https://api.github.com/repos/johann-petrak/neleval/downloads"],
    "issues_url": ["https://api.github.com/repos/johann-petrak/neleval/issues{/number}"],
    "pulls_url": ["https://api.github.com/repos/johann-petrak/neleval/pulls{/number}"],
    "milestones_url": ["https://api.github.com/repos/johann-petrak/neleval/milestones{/number}"],
    "notifications_url": ["https://api.github.com/repos/johann-petrak/neleval/notifications{?since,all,participating}"],
    "labels_url": ["https://api.github.com/repos/johann-petrak/neleval/labels{/name}"],
    "releases_url": ["https://api.github.com/repos/johann-petrak/neleval/releases{/id}"],
    "deployments_url": ["https://api.github.com/repos/johann-petrak/neleval/deployments"],
    "created_at": ["2015-02-16T18:26:48Z"],
    "updated_at": ["2015-02-16T18:31:54Z"],
    "pushed_at": ["2015-02-16T18:31:54Z"],
    "git_url": ["git://github.com/johann-petrak/neleval.git"],
    "ssh_url": ["git@github.com:johann-petrak/neleval.git"],
    "clone_url": ["https://github.com/johann-petrak/neleval.git"],
    "svn_url": ["https://github.com/johann-petrak/neleval"],
    "homepage": {},
    "size": [1433],
    "stargazers_count": [0],
    "watchers_count": [0],
    "language": ["Python"],
    "has_issues": [false],
    "has_projects": [true],
    "has_downloads": [true],
    "has_wiki": [true],
    "has_pages": [false],
    "forks_count": [0],
    "mirror_url": {},
    "archived": [false],
    "disabled": [false],
    "open_issues_count": [0],
    "license": {
      "key": ["apache-2.0"],
      "name": ["Apache License 2.0"],
      "spdx_id": ["Apache-2.0"],
      "url": ["https://api.github.com/licenses/apache-2.0"],
      "node_id": ["MDc6TGljZW5zZTI="]
    },
    "forks": [0],
    "open_issues": [0],
    "watchers": [0],
    "default_branch": ["master"],
    "permissions": {
      "admin": [false],
      "push": [false],
      "pull": [true]
    }
  }
]
