[
  {
    "id": [22310979],
    "node_id": ["MDEwOlJlcG9zaXRvcnkyMjMxMDk3OQ=="],
    "name": ["miscfastcompact"],
    "full_name": ["johann-petrak/miscfastcompact"],
    "private": [false],
    "owner": {
      "login": ["johann-petrak"],
      "id": [619106],
      "node_id": ["MDQ6VXNlcjYxOTEwNg=="],
      "avatar_url": ["https://avatars0.githubusercontent.com/u/619106?v=4"],
      "gravatar_id": [""],
      "url": ["https://api.github.com/users/johann-petrak"],
      "html_url": ["https://github.com/johann-petrak"],
      "followers_url": ["https://api.github.com/users/johann-petrak/followers"],
      "following_url": ["https://api.github.com/users/johann-petrak/following{/other_user}"],
      "gists_url": ["https://api.github.com/users/johann-petrak/gists{/gist_id}"],
      "starred_url": ["https://api.github.com/users/johann-petrak/starred{/owner}{/repo}"],
      "subscriptions_url": ["https://api.github.com/users/johann-petrak/subscriptions"],
      "organizations_url": ["https://api.github.com/users/johann-petrak/orgs"],
      "repos_url": ["https://api.github.com/users/johann-petrak/repos"],
      "events_url": ["https://api.github.com/users/johann-petrak/events{/privacy}"],
      "received_events_url": ["https://api.github.com/users/johann-petrak/received_events"],
      "type": ["User"],
      "site_admin": [false]
    },
    "html_url": ["https://github.com/johann-petrak/miscfastcompact"],
    "description": {},
    "fork": [false],
    "url": ["https://api.github.com/repos/johann-petrak/miscfastcompact"],
    "forks_url": ["https://api.github.com/repos/johann-petrak/miscfastcompact/forks"],
    "keys_url": ["https://api.github.com/repos/johann-petrak/miscfastcompact/keys{/key_id}"],
    "collaborators_url": ["https://api.github.com/repos/johann-petrak/miscfastcompact/collaborators{/collaborator}"],
    "teams_url": ["https://api.github.com/repos/johann-petrak/miscfastcompact/teams"],
    "hooks_url": ["https://api.github.com/repos/johann-petrak/miscfastcompact/hooks"],
    "issue_events_url": ["https://api.github.com/repos/johann-petrak/miscfastcompact/issues/events{/number}"],
    "events_url": ["https://api.github.com/repos/johann-petrak/miscfastcompact/events"],
    "assignees_url": ["https://api.github.com/repos/johann-petrak/miscfastcompact/assignees{/user}"],
    "branches_url": ["https://api.github.com/repos/johann-petrak/miscfastcompact/branches{/branch}"],
    "tags_url": ["https://api.github.com/repos/johann-petrak/miscfastcompact/tags"],
    "blobs_url": ["https://api.github.com/repos/johann-petrak/miscfastcompact/git/blobs{/sha}"],
    "git_tags_url": ["https://api.github.com/repos/johann-petrak/miscfastcompact/git/tags{/sha}"],
    "git_refs_url": ["https://api.github.com/repos/johann-petrak/miscfastcompact/git/refs{/sha}"],
    "trees_url": ["https://api.github.com/repos/johann-petrak/miscfastcompact/git/trees{/sha}"],
    "statuses_url": ["https://api.github.com/repos/johann-petrak/miscfastcompact/statuses/{sha}"],
    "languages_url": ["https://api.github.com/repos/johann-petrak/miscfastcompact/languages"],
    "stargazers_url": ["https://api.github.com/repos/johann-petrak/miscfastcompact/stargazers"],
    "contributors_url": ["https://api.github.com/repos/johann-petrak/miscfastcompact/contributors"],
    "subscribers_url": ["https://api.github.com/repos/johann-petrak/miscfastcompact/subscribers"],
    "subscription_url": ["https://api.github.com/repos/johann-petrak/miscfastcompact/subscription"],
    "commits_url": ["https://api.github.com/repos/johann-petrak/miscfastcompact/commits{/sha}"],
    "git_commits_url": ["https://api.github.com/repos/johann-petrak/miscfastcompact/git/commits{/sha}"],
    "comments_url": ["https://api.github.com/repos/johann-petrak/miscfastcompact/comments{/number}"],
    "issue_comment_url": ["https://api.github.com/repos/johann-petrak/miscfastcompact/issues/comments{/number}"],
    "contents_url": ["https://api.github.com/repos/johann-petrak/miscfastcompact/contents/{+path}"],
    "compare_url": ["https://api.github.com/repos/johann-petrak/miscfastcompact/compare/{base}...{head}"],
    "merges_url": ["https://api.github.com/repos/johann-petrak/miscfastcompact/merges"],
    "archive_url": ["https://api.github.com/repos/johann-petrak/miscfastcompact/{archive_format}{/ref}"],
    "downloads_url": ["https://api.github.com/repos/johann-petrak/miscfastcompact/downloads"],
    "issues_url": ["https://api.github.com/repos/johann-petrak/miscfastcompact/issues{/number}"],
    "pulls_url": ["https://api.github.com/repos/johann-petrak/miscfastcompact/pulls{/number}"],
    "milestones_url": ["https://api.github.com/repos/johann-petrak/miscfastcompact/milestones{/number}"],
    "notifications_url": ["https://api.github.com/repos/johann-petrak/miscfastcompact/notifications{?since,all,participating}"],
    "labels_url": ["https://api.github.com/repos/johann-petrak/miscfastcompact/labels{/name}"],
    "releases_url": ["https://api.github.com/repos/johann-petrak/miscfastcompact/releases{/id}"],
    "deployments_url": ["https://api.github.com/repos/johann-petrak/miscfastcompact/deployments"],
    "created_at": ["2014-07-27T13:00:05Z"],
    "updated_at": ["2015-01-27T19:41:37Z"],
    "pushed_at": ["2015-01-27T19:40:51Z"],
    "git_url": ["git://github.com/johann-petrak/miscfastcompact.git"],
    "ssh_url": ["git@github.com:johann-petrak/miscfastcompact.git"],
    "clone_url": ["https://github.com/johann-petrak/miscfastcompact.git"],
    "svn_url": ["https://github.com/johann-petrak/miscfastcompact"],
    "homepage": {},
    "size": [15149],
    "stargazers_count": [0],
    "watchers_count": [0],
    "language": ["Java"],
    "has_issues": [true],
    "has_projects": [true],
    "has_downloads": [true],
    "has_wiki": [true],
    "has_pages": [false],
    "forks_count": [0],
    "mirror_url": {},
    "archived": [false],
    "disabled": [false],
    "open_issues_count": [0],
    "license": {
      "key": ["lgpl-2.1"],
      "name": ["GNU Lesser General Public License v2.1"],
      "spdx_id": ["LGPL-2.1"],
      "url": ["https://api.github.com/licenses/lgpl-2.1"],
      "node_id": ["MDc6TGljZW5zZTEx"]
    },
    "forks": [0],
    "open_issues": [0],
    "watchers": [0],
    "default_branch": ["master"],
    "permissions": {
      "admin": [false],
      "push": [false],
      "pull": [true]
    }
  }
]
