[
  {
    "id": [55267072],
    "node_id": ["MDEwOlJlcG9zaXRvcnk1NTI2NzA3Mg=="],
    "name": ["Dockerized-DBpedia"],
    "full_name": ["johann-petrak/Dockerized-DBpedia"],
    "private": [false],
    "owner": {
      "login": ["johann-petrak"],
      "id": [619106],
      "node_id": ["MDQ6VXNlcjYxOTEwNg=="],
      "avatar_url": ["https://avatars0.githubusercontent.com/u/619106?v=4"],
      "gravatar_id": [""],
      "url": ["https://api.github.com/users/johann-petrak"],
      "html_url": ["https://github.com/johann-petrak"],
      "followers_url": ["https://api.github.com/users/johann-petrak/followers"],
      "following_url": ["https://api.github.com/users/johann-petrak/following{/other_user}"],
      "gists_url": ["https://api.github.com/users/johann-petrak/gists{/gist_id}"],
      "starred_url": ["https://api.github.com/users/johann-petrak/starred{/owner}{/repo}"],
      "subscriptions_url": ["https://api.github.com/users/johann-petrak/subscriptions"],
      "organizations_url": ["https://api.github.com/users/johann-petrak/orgs"],
      "repos_url": ["https://api.github.com/users/johann-petrak/repos"],
      "events_url": ["https://api.github.com/users/johann-petrak/events{/privacy}"],
      "received_events_url": ["https://api.github.com/users/johann-petrak/received_events"],
      "type": ["User"],
      "site_admin": [false]
    },
    "html_url": ["https://github.com/johann-petrak/Dockerized-DBpedia"],
    "description": ["creates a docker image with Virtuoso preloaded with the latest DBpedia dataset"],
    "fork": [true],
    "url": ["https://api.github.com/repos/johann-petrak/Dockerized-DBpedia"],
    "forks_url": ["https://api.github.com/repos/johann-petrak/Dockerized-DBpedia/forks"],
    "keys_url": ["https://api.github.com/repos/johann-petrak/Dockerized-DBpedia/keys{/key_id}"],
    "collaborators_url": ["https://api.github.com/repos/johann-petrak/Dockerized-DBpedia/collaborators{/collaborator}"],
    "teams_url": ["https://api.github.com/repos/johann-petrak/Dockerized-DBpedia/teams"],
    "hooks_url": ["https://api.github.com/repos/johann-petrak/Dockerized-DBpedia/hooks"],
    "issue_events_url": ["https://api.github.com/repos/johann-petrak/Dockerized-DBpedia/issues/events{/number}"],
    "events_url": ["https://api.github.com/repos/johann-petrak/Dockerized-DBpedia/events"],
    "assignees_url": ["https://api.github.com/repos/johann-petrak/Dockerized-DBpedia/assignees{/user}"],
    "branches_url": ["https://api.github.com/repos/johann-petrak/Dockerized-DBpedia/branches{/branch}"],
    "tags_url": ["https://api.github.com/repos/johann-petrak/Dockerized-DBpedia/tags"],
    "blobs_url": ["https://api.github.com/repos/johann-petrak/Dockerized-DBpedia/git/blobs{/sha}"],
    "git_tags_url": ["https://api.github.com/repos/johann-petrak/Dockerized-DBpedia/git/tags{/sha}"],
    "git_refs_url": ["https://api.github.com/repos/johann-petrak/Dockerized-DBpedia/git/refs{/sha}"],
    "trees_url": ["https://api.github.com/repos/johann-petrak/Dockerized-DBpedia/git/trees{/sha}"],
    "statuses_url": ["https://api.github.com/repos/johann-petrak/Dockerized-DBpedia/statuses/{sha}"],
    "languages_url": ["https://api.github.com/repos/johann-petrak/Dockerized-DBpedia/languages"],
    "stargazers_url": ["https://api.github.com/repos/johann-petrak/Dockerized-DBpedia/stargazers"],
    "contributors_url": ["https://api.github.com/repos/johann-petrak/Dockerized-DBpedia/contributors"],
    "subscribers_url": ["https://api.github.com/repos/johann-petrak/Dockerized-DBpedia/subscribers"],
    "subscription_url": ["https://api.github.com/repos/johann-petrak/Dockerized-DBpedia/subscription"],
    "commits_url": ["https://api.github.com/repos/johann-petrak/Dockerized-DBpedia/commits{/sha}"],
    "git_commits_url": ["https://api.github.com/repos/johann-petrak/Dockerized-DBpedia/git/commits{/sha}"],
    "comments_url": ["https://api.github.com/repos/johann-petrak/Dockerized-DBpedia/comments{/number}"],
    "issue_comment_url": ["https://api.github.com/repos/johann-petrak/Dockerized-DBpedia/issues/comments{/number}"],
    "contents_url": ["https://api.github.com/repos/johann-petrak/Dockerized-DBpedia/contents/{+path}"],
    "compare_url": ["https://api.github.com/repos/johann-petrak/Dockerized-DBpedia/compare/{base}...{head}"],
    "merges_url": ["https://api.github.com/repos/johann-petrak/Dockerized-DBpedia/merges"],
    "archive_url": ["https://api.github.com/repos/johann-petrak/Dockerized-DBpedia/{archive_format}{/ref}"],
    "downloads_url": ["https://api.github.com/repos/johann-petrak/Dockerized-DBpedia/downloads"],
    "issues_url": ["https://api.github.com/repos/johann-petrak/Dockerized-DBpedia/issues{/number}"],
    "pulls_url": ["https://api.github.com/repos/johann-petrak/Dockerized-DBpedia/pulls{/number}"],
    "milestones_url": ["https://api.github.com/repos/johann-petrak/Dockerized-DBpedia/milestones{/number}"],
    "notifications_url": ["https://api.github.com/repos/johann-petrak/Dockerized-DBpedia/notifications{?since,all,participating}"],
    "labels_url": ["https://api.github.com/repos/johann-petrak/Dockerized-DBpedia/labels{/name}"],
    "releases_url": ["https://api.github.com/repos/johann-petrak/Dockerized-DBpedia/releases{/id}"],
    "deployments_url": ["https://api.github.com/repos/johann-petrak/Dockerized-DBpedia/deployments"],
    "created_at": ["2016-04-01T22:56:43Z"],
    "updated_at": ["2016-04-01T22:56:44Z"],
    "pushed_at": ["2016-04-01T23:53:37Z"],
    "git_url": ["git://github.com/johann-petrak/Dockerized-DBpedia.git"],
    "ssh_url": ["git@github.com:johann-petrak/Dockerized-DBpedia.git"],
    "clone_url": ["https://github.com/johann-petrak/Dockerized-DBpedia.git"],
    "svn_url": ["https://github.com/johann-petrak/Dockerized-DBpedia"],
    "homepage": {},
    "size": [13],
    "stargazers_count": [0],
    "watchers_count": [0],
    "language": ["Shell"],
    "has_issues": [false],
    "has_projects": [true],
    "has_downloads": [true],
    "has_wiki": [true],
    "has_pages": [false],
    "forks_count": [0],
    "mirror_url": {},
    "archived": [false],
    "disabled": [false],
    "open_issues_count": [0],
    "license": {},
    "forks": [0],
    "open_issues": [0],
    "watchers": [0],
    "default_branch": ["master"],
    "permissions": {
      "admin": [false],
      "push": [false],
      "pull": [true]
    }
  }
]
