[
  {
    "id": [1935952],
    "node_id": ["MDEwOlJlcG9zaXRvcnkxOTM1OTUy"],
    "name": ["gateplugin-Processing"],
    "full_name": ["johann-petrak/gateplugin-Processing"],
    "private": [false],
    "owner": {
      "login": ["johann-petrak"],
      "id": [619106],
      "node_id": ["MDQ6VXNlcjYxOTEwNg=="],
      "avatar_url": ["https://avatars0.githubusercontent.com/u/619106?v=4"],
      "gravatar_id": [""],
      "url": ["https://api.github.com/users/johann-petrak"],
      "html_url": ["https://github.com/johann-petrak"],
      "followers_url": ["https://api.github.com/users/johann-petrak/followers"],
      "following_url": ["https://api.github.com/users/johann-petrak/following{/other_user}"],
      "gists_url": ["https://api.github.com/users/johann-petrak/gists{/gist_id}"],
      "starred_url": ["https://api.github.com/users/johann-petrak/starred{/owner}{/repo}"],
      "subscriptions_url": ["https://api.github.com/users/johann-petrak/subscriptions"],
      "organizations_url": ["https://api.github.com/users/johann-petrak/orgs"],
      "repos_url": ["https://api.github.com/users/johann-petrak/repos"],
      "events_url": ["https://api.github.com/users/johann-petrak/events{/privacy}"],
      "received_events_url": ["https://api.github.com/users/johann-petrak/received_events"],
      "type": ["User"],
      "site_admin": [false]
    },
    "html_url": ["https://github.com/johann-petrak/gateplugin-Processing"],
    "description": ["A GATE plugin to simplify batch processing and using various document sources / sinks"],
    "fork": [false],
    "url": ["https://api.github.com/repos/johann-petrak/gateplugin-Processing"],
    "forks_url": ["https://api.github.com/repos/johann-petrak/gateplugin-Processing/forks"],
    "keys_url": ["https://api.github.com/repos/johann-petrak/gateplugin-Processing/keys{/key_id}"],
    "collaborators_url": ["https://api.github.com/repos/johann-petrak/gateplugin-Processing/collaborators{/collaborator}"],
    "teams_url": ["https://api.github.com/repos/johann-petrak/gateplugin-Processing/teams"],
    "hooks_url": ["https://api.github.com/repos/johann-petrak/gateplugin-Processing/hooks"],
    "issue_events_url": ["https://api.github.com/repos/johann-petrak/gateplugin-Processing/issues/events{/number}"],
    "events_url": ["https://api.github.com/repos/johann-petrak/gateplugin-Processing/events"],
    "assignees_url": ["https://api.github.com/repos/johann-petrak/gateplugin-Processing/assignees{/user}"],
    "branches_url": ["https://api.github.com/repos/johann-petrak/gateplugin-Processing/branches{/branch}"],
    "tags_url": ["https://api.github.com/repos/johann-petrak/gateplugin-Processing/tags"],
    "blobs_url": ["https://api.github.com/repos/johann-petrak/gateplugin-Processing/git/blobs{/sha}"],
    "git_tags_url": ["https://api.github.com/repos/johann-petrak/gateplugin-Processing/git/tags{/sha}"],
    "git_refs_url": ["https://api.github.com/repos/johann-petrak/gateplugin-Processing/git/refs{/sha}"],
    "trees_url": ["https://api.github.com/repos/johann-petrak/gateplugin-Processing/git/trees{/sha}"],
    "statuses_url": ["https://api.github.com/repos/johann-petrak/gateplugin-Processing/statuses/{sha}"],
    "languages_url": ["https://api.github.com/repos/johann-petrak/gateplugin-Processing/languages"],
    "stargazers_url": ["https://api.github.com/repos/johann-petrak/gateplugin-Processing/stargazers"],
    "contributors_url": ["https://api.github.com/repos/johann-petrak/gateplugin-Processing/contributors"],
    "subscribers_url": ["https://api.github.com/repos/johann-petrak/gateplugin-Processing/subscribers"],
    "subscription_url": ["https://api.github.com/repos/johann-petrak/gateplugin-Processing/subscription"],
    "commits_url": ["https://api.github.com/repos/johann-petrak/gateplugin-Processing/commits{/sha}"],
    "git_commits_url": ["https://api.github.com/repos/johann-petrak/gateplugin-Processing/git/commits{/sha}"],
    "comments_url": ["https://api.github.com/repos/johann-petrak/gateplugin-Processing/comments{/number}"],
    "issue_comment_url": ["https://api.github.com/repos/johann-petrak/gateplugin-Processing/issues/comments{/number}"],
    "contents_url": ["https://api.github.com/repos/johann-petrak/gateplugin-Processing/contents/{+path}"],
    "compare_url": ["https://api.github.com/repos/johann-petrak/gateplugin-Processing/compare/{base}...{head}"],
    "merges_url": ["https://api.github.com/repos/johann-petrak/gateplugin-Processing/merges"],
    "archive_url": ["https://api.github.com/repos/johann-petrak/gateplugin-Processing/{archive_format}{/ref}"],
    "downloads_url": ["https://api.github.com/repos/johann-petrak/gateplugin-Processing/downloads"],
    "issues_url": ["https://api.github.com/repos/johann-petrak/gateplugin-Processing/issues{/number}"],
    "pulls_url": ["https://api.github.com/repos/johann-petrak/gateplugin-Processing/pulls{/number}"],
    "milestones_url": ["https://api.github.com/repos/johann-petrak/gateplugin-Processing/milestones{/number}"],
    "notifications_url": ["https://api.github.com/repos/johann-petrak/gateplugin-Processing/notifications{?since,all,participating}"],
    "labels_url": ["https://api.github.com/repos/johann-petrak/gateplugin-Processing/labels{/name}"],
    "releases_url": ["https://api.github.com/repos/johann-petrak/gateplugin-Processing/releases{/id}"],
    "deployments_url": ["https://api.github.com/repos/johann-petrak/gateplugin-Processing/deployments"],
    "created_at": ["2011-06-22T16:48:25Z"],
    "updated_at": ["2017-03-17T05:06:15Z"],
    "pushed_at": ["2014-04-25T14:06:01Z"],
    "git_url": ["git://github.com/johann-petrak/gateplugin-Processing.git"],
    "ssh_url": ["git@github.com:johann-petrak/gateplugin-Processing.git"],
    "clone_url": ["https://github.com/johann-petrak/gateplugin-Processing.git"],
    "svn_url": ["https://github.com/johann-petrak/gateplugin-Processing"],
    "homepage": [""],
    "size": [356],
    "stargazers_count": [2],
    "watchers_count": [2],
    "language": ["Java"],
    "has_issues": [true],
    "has_projects": [true],
    "has_downloads": [true],
    "has_wiki": [true],
    "has_pages": [true],
    "forks_count": [0],
    "mirror_url": {},
    "archived": [false],
    "disabled": [false],
    "open_issues_count": [0],
    "license": {},
    "forks": [0],
    "open_issues": [0],
    "watchers": [2],
    "default_branch": ["master"],
    "permissions": {
      "admin": [false],
      "push": [false],
      "pull": [true]
    }
  }
]
