[
  {
    "id": [1946233],
    "node_id": ["MDEwOlJlcG9zaXRvcnkxOTQ2MjMz"],
    "name": ["gateplugin-Scala"],
    "full_name": ["johann-petrak/gateplugin-Scala"],
    "private": [false],
    "owner": {
      "login": ["johann-petrak"],
      "id": [619106],
      "node_id": ["MDQ6VXNlcjYxOTEwNg=="],
      "avatar_url": ["https://avatars0.githubusercontent.com/u/619106?v=4"],
      "gravatar_id": [""],
      "url": ["https://api.github.com/users/johann-petrak"],
      "html_url": ["https://github.com/johann-petrak"],
      "followers_url": ["https://api.github.com/users/johann-petrak/followers"],
      "following_url": ["https://api.github.com/users/johann-petrak/following{/other_user}"],
      "gists_url": ["https://api.github.com/users/johann-petrak/gists{/gist_id}"],
      "starred_url": ["https://api.github.com/users/johann-petrak/starred{/owner}{/repo}"],
      "subscriptions_url": ["https://api.github.com/users/johann-petrak/subscriptions"],
      "organizations_url": ["https://api.github.com/users/johann-petrak/orgs"],
      "repos_url": ["https://api.github.com/users/johann-petrak/repos"],
      "events_url": ["https://api.github.com/users/johann-petrak/events{/privacy}"],
      "received_events_url": ["https://api.github.com/users/johann-petrak/received_events"],
      "type": ["User"],
      "site_admin": [false]
    },
    "html_url": ["https://github.com/johann-petrak/gateplugin-Scala"],
    "description": ["GATE plugin for supporting the Scala language"],
    "fork": [false],
    "url": ["https://api.github.com/repos/johann-petrak/gateplugin-Scala"],
    "forks_url": ["https://api.github.com/repos/johann-petrak/gateplugin-Scala/forks"],
    "keys_url": ["https://api.github.com/repos/johann-petrak/gateplugin-Scala/keys{/key_id}"],
    "collaborators_url": ["https://api.github.com/repos/johann-petrak/gateplugin-Scala/collaborators{/collaborator}"],
    "teams_url": ["https://api.github.com/repos/johann-petrak/gateplugin-Scala/teams"],
    "hooks_url": ["https://api.github.com/repos/johann-petrak/gateplugin-Scala/hooks"],
    "issue_events_url": ["https://api.github.com/repos/johann-petrak/gateplugin-Scala/issues/events{/number}"],
    "events_url": ["https://api.github.com/repos/johann-petrak/gateplugin-Scala/events"],
    "assignees_url": ["https://api.github.com/repos/johann-petrak/gateplugin-Scala/assignees{/user}"],
    "branches_url": ["https://api.github.com/repos/johann-petrak/gateplugin-Scala/branches{/branch}"],
    "tags_url": ["https://api.github.com/repos/johann-petrak/gateplugin-Scala/tags"],
    "blobs_url": ["https://api.github.com/repos/johann-petrak/gateplugin-Scala/git/blobs{/sha}"],
    "git_tags_url": ["https://api.github.com/repos/johann-petrak/gateplugin-Scala/git/tags{/sha}"],
    "git_refs_url": ["https://api.github.com/repos/johann-petrak/gateplugin-Scala/git/refs{/sha}"],
    "trees_url": ["https://api.github.com/repos/johann-petrak/gateplugin-Scala/git/trees{/sha}"],
    "statuses_url": ["https://api.github.com/repos/johann-petrak/gateplugin-Scala/statuses/{sha}"],
    "languages_url": ["https://api.github.com/repos/johann-petrak/gateplugin-Scala/languages"],
    "stargazers_url": ["https://api.github.com/repos/johann-petrak/gateplugin-Scala/stargazers"],
    "contributors_url": ["https://api.github.com/repos/johann-petrak/gateplugin-Scala/contributors"],
    "subscribers_url": ["https://api.github.com/repos/johann-petrak/gateplugin-Scala/subscribers"],
    "subscription_url": ["https://api.github.com/repos/johann-petrak/gateplugin-Scala/subscription"],
    "commits_url": ["https://api.github.com/repos/johann-petrak/gateplugin-Scala/commits{/sha}"],
    "git_commits_url": ["https://api.github.com/repos/johann-petrak/gateplugin-Scala/git/commits{/sha}"],
    "comments_url": ["https://api.github.com/repos/johann-petrak/gateplugin-Scala/comments{/number}"],
    "issue_comment_url": ["https://api.github.com/repos/johann-petrak/gateplugin-Scala/issues/comments{/number}"],
    "contents_url": ["https://api.github.com/repos/johann-petrak/gateplugin-Scala/contents/{+path}"],
    "compare_url": ["https://api.github.com/repos/johann-petrak/gateplugin-Scala/compare/{base}...{head}"],
    "merges_url": ["https://api.github.com/repos/johann-petrak/gateplugin-Scala/merges"],
    "archive_url": ["https://api.github.com/repos/johann-petrak/gateplugin-Scala/{archive_format}{/ref}"],
    "downloads_url": ["https://api.github.com/repos/johann-petrak/gateplugin-Scala/downloads"],
    "issues_url": ["https://api.github.com/repos/johann-petrak/gateplugin-Scala/issues{/number}"],
    "pulls_url": ["https://api.github.com/repos/johann-petrak/gateplugin-Scala/pulls{/number}"],
    "milestones_url": ["https://api.github.com/repos/johann-petrak/gateplugin-Scala/milestones{/number}"],
    "notifications_url": ["https://api.github.com/repos/johann-petrak/gateplugin-Scala/notifications{?since,all,participating}"],
    "labels_url": ["https://api.github.com/repos/johann-petrak/gateplugin-Scala/labels{/name}"],
    "releases_url": ["https://api.github.com/repos/johann-petrak/gateplugin-Scala/releases{/id}"],
    "deployments_url": ["https://api.github.com/repos/johann-petrak/gateplugin-Scala/deployments"],
    "created_at": ["2011-06-24T06:56:45Z"],
    "updated_at": ["2016-09-29T18:02:29Z"],
    "pushed_at": ["2016-09-29T18:02:27Z"],
    "git_url": ["git://github.com/johann-petrak/gateplugin-Scala.git"],
    "ssh_url": ["git@github.com:johann-petrak/gateplugin-Scala.git"],
    "clone_url": ["https://github.com/johann-petrak/gateplugin-Scala.git"],
    "svn_url": ["https://github.com/johann-petrak/gateplugin-Scala"],
    "homepage": [""],
    "size": [81784],
    "stargazers_count": [3],
    "watchers_count": [3],
    "language": ["Java"],
    "has_issues": [true],
    "has_projects": [true],
    "has_downloads": [true],
    "has_wiki": [true],
    "has_pages": [false],
    "forks_count": [0],
    "mirror_url": {},
    "archived": [false],
    "disabled": [false],
    "open_issues_count": [0],
    "license": {
      "key": ["lgpl-3.0"],
      "name": ["GNU Lesser General Public License v3.0"],
      "spdx_id": ["LGPL-3.0"],
      "url": ["https://api.github.com/licenses/lgpl-3.0"],
      "node_id": ["MDc6TGljZW5zZTEy"]
    },
    "forks": [0],
    "open_issues": [0],
    "watchers": [3],
    "default_branch": ["master"],
    "permissions": {
      "admin": [false],
      "push": [false],
      "pull": [true]
    }
  }
]
