[
  {
    "id": [70839613],
    "node_id": ["MDEwOlJlcG9zaXRvcnk3MDgzOTYxMw=="],
    "name": ["gateplugin-Format_Misc"],
    "full_name": ["johann-petrak/gateplugin-Format_Misc"],
    "private": [false],
    "owner": {
      "login": ["johann-petrak"],
      "id": [619106],
      "node_id": ["MDQ6VXNlcjYxOTEwNg=="],
      "avatar_url": ["https://avatars0.githubusercontent.com/u/619106?v=4"],
      "gravatar_id": [""],
      "url": ["https://api.github.com/users/johann-petrak"],
      "html_url": ["https://github.com/johann-petrak"],
      "followers_url": ["https://api.github.com/users/johann-petrak/followers"],
      "following_url": ["https://api.github.com/users/johann-petrak/following{/other_user}"],
      "gists_url": ["https://api.github.com/users/johann-petrak/gists{/gist_id}"],
      "starred_url": ["https://api.github.com/users/johann-petrak/starred{/owner}{/repo}"],
      "subscriptions_url": ["https://api.github.com/users/johann-petrak/subscriptions"],
      "organizations_url": ["https://api.github.com/users/johann-petrak/orgs"],
      "repos_url": ["https://api.github.com/users/johann-petrak/repos"],
      "events_url": ["https://api.github.com/users/johann-petrak/events{/privacy}"],
      "received_events_url": ["https://api.github.com/users/johann-petrak/received_events"],
      "type": ["User"],
      "site_admin": [false]
    },
    "html_url": ["https://github.com/johann-petrak/gateplugin-Format_Misc"],
    "description": ["A plugin for the GATE language technology framework for loading and saving documents as serialized Java objects."],
    "fork": [false],
    "url": ["https://api.github.com/repos/johann-petrak/gateplugin-Format_Misc"],
    "forks_url": ["https://api.github.com/repos/johann-petrak/gateplugin-Format_Misc/forks"],
    "keys_url": ["https://api.github.com/repos/johann-petrak/gateplugin-Format_Misc/keys{/key_id}"],
    "collaborators_url": ["https://api.github.com/repos/johann-petrak/gateplugin-Format_Misc/collaborators{/collaborator}"],
    "teams_url": ["https://api.github.com/repos/johann-petrak/gateplugin-Format_Misc/teams"],
    "hooks_url": ["https://api.github.com/repos/johann-petrak/gateplugin-Format_Misc/hooks"],
    "issue_events_url": ["https://api.github.com/repos/johann-petrak/gateplugin-Format_Misc/issues/events{/number}"],
    "events_url": ["https://api.github.com/repos/johann-petrak/gateplugin-Format_Misc/events"],
    "assignees_url": ["https://api.github.com/repos/johann-petrak/gateplugin-Format_Misc/assignees{/user}"],
    "branches_url": ["https://api.github.com/repos/johann-petrak/gateplugin-Format_Misc/branches{/branch}"],
    "tags_url": ["https://api.github.com/repos/johann-petrak/gateplugin-Format_Misc/tags"],
    "blobs_url": ["https://api.github.com/repos/johann-petrak/gateplugin-Format_Misc/git/blobs{/sha}"],
    "git_tags_url": ["https://api.github.com/repos/johann-petrak/gateplugin-Format_Misc/git/tags{/sha}"],
    "git_refs_url": ["https://api.github.com/repos/johann-petrak/gateplugin-Format_Misc/git/refs{/sha}"],
    "trees_url": ["https://api.github.com/repos/johann-petrak/gateplugin-Format_Misc/git/trees{/sha}"],
    "statuses_url": ["https://api.github.com/repos/johann-petrak/gateplugin-Format_Misc/statuses/{sha}"],
    "languages_url": ["https://api.github.com/repos/johann-petrak/gateplugin-Format_Misc/languages"],
    "stargazers_url": ["https://api.github.com/repos/johann-petrak/gateplugin-Format_Misc/stargazers"],
    "contributors_url": ["https://api.github.com/repos/johann-petrak/gateplugin-Format_Misc/contributors"],
    "subscribers_url": ["https://api.github.com/repos/johann-petrak/gateplugin-Format_Misc/subscribers"],
    "subscription_url": ["https://api.github.com/repos/johann-petrak/gateplugin-Format_Misc/subscription"],
    "commits_url": ["https://api.github.com/repos/johann-petrak/gateplugin-Format_Misc/commits{/sha}"],
    "git_commits_url": ["https://api.github.com/repos/johann-petrak/gateplugin-Format_Misc/git/commits{/sha}"],
    "comments_url": ["https://api.github.com/repos/johann-petrak/gateplugin-Format_Misc/comments{/number}"],
    "issue_comment_url": ["https://api.github.com/repos/johann-petrak/gateplugin-Format_Misc/issues/comments{/number}"],
    "contents_url": ["https://api.github.com/repos/johann-petrak/gateplugin-Format_Misc/contents/{+path}"],
    "compare_url": ["https://api.github.com/repos/johann-petrak/gateplugin-Format_Misc/compare/{base}...{head}"],
    "merges_url": ["https://api.github.com/repos/johann-petrak/gateplugin-Format_Misc/merges"],
    "archive_url": ["https://api.github.com/repos/johann-petrak/gateplugin-Format_Misc/{archive_format}{/ref}"],
    "downloads_url": ["https://api.github.com/repos/johann-petrak/gateplugin-Format_Misc/downloads"],
    "issues_url": ["https://api.github.com/repos/johann-petrak/gateplugin-Format_Misc/issues{/number}"],
    "pulls_url": ["https://api.github.com/repos/johann-petrak/gateplugin-Format_Misc/pulls{/number}"],
    "milestones_url": ["https://api.github.com/repos/johann-petrak/gateplugin-Format_Misc/milestones{/number}"],
    "notifications_url": ["https://api.github.com/repos/johann-petrak/gateplugin-Format_Misc/notifications{?since,all,participating}"],
    "labels_url": ["https://api.github.com/repos/johann-petrak/gateplugin-Format_Misc/labels{/name}"],
    "releases_url": ["https://api.github.com/repos/johann-petrak/gateplugin-Format_Misc/releases{/id}"],
    "deployments_url": ["https://api.github.com/repos/johann-petrak/gateplugin-Format_Misc/deployments"],
    "created_at": ["2016-10-13T19:14:09Z"],
    "updated_at": ["2016-10-15T14:45:21Z"],
    "pushed_at": ["2016-10-19T20:51:55Z"],
    "git_url": ["git://github.com/johann-petrak/gateplugin-Format_Misc.git"],
    "ssh_url": ["git@github.com:johann-petrak/gateplugin-Format_Misc.git"],
    "clone_url": ["https://github.com/johann-petrak/gateplugin-Format_Misc.git"],
    "svn_url": ["https://github.com/johann-petrak/gateplugin-Format_Misc"],
    "homepage": {},
    "size": [2288],
    "stargazers_count": [0],
    "watchers_count": [0],
    "language": ["Java"],
    "has_issues": [true],
    "has_projects": [true],
    "has_downloads": [true],
    "has_wiki": [true],
    "has_pages": [false],
    "forks_count": [0],
    "mirror_url": {},
    "archived": [false],
    "disabled": [false],
    "open_issues_count": [0],
    "license": {
      "key": ["lgpl-2.1"],
      "name": ["GNU Lesser General Public License v2.1"],
      "spdx_id": ["LGPL-2.1"],
      "url": ["https://api.github.com/licenses/lgpl-2.1"],
      "node_id": ["MDc6TGljZW5zZTEx"]
    },
    "forks": [0],
    "open_issues": [0],
    "watchers": [0],
    "default_branch": ["master"],
    "permissions": {
      "admin": [false],
      "push": [false],
      "pull": [true]
    }
  }
]
